书名,评论,作者,推荐,出版社,日期,链接
生死疲劳（不看不知道，莫言真幽默！全新版本！）,569675条评论,莫言；读客文化 出品,100%推荐,浙江文艺出版社,2022-01-01,http://product.dangdang.com/29343835.html
蛤蟆先生去看心理医生（热销300万册！英国经典心理咨询入门书，知名心理学家李松蔚强烈推荐）,1596885条评论,罗伯特・戴博德，果麦文化 出品,100%推荐,天津人民出版社,2020-07-01,http://product.dangdang.com/28992419.html
被讨厌的勇气：“自我启发之父”阿德勒的哲学课 岸见一郎,1149562条评论,"岸��一郎, 古�R史健",100%推荐,机械工业出版社,2020-03-05,http://product.dangdang.com/28518072.html
活着（余华代表作，精装，易烊千玺推荐阅读）,1164848条评论,余华  著 ，新经典  出品,100%推荐,北京十月文艺出版社,2021-10-01,http://product.dangdang.com/29311943.html
少年读史记（套装全5册）,1325022条评论,张嘉骅,99.9%推荐,青岛出版社,2015-09-01,http://product.dangdang.com/23778791.html
三体：全三册 刘慈欣代表作，亚洲“雨果奖”获奖作品！,2209043条评论,刘慈欣,99.9%推荐,重庆出版社,2010-11-01,http://product.dangdang.com/23579654.html
保重（大冰小蓝书系列收官之作！就此别过，诸君保重。当当专享语音明信片。）,344337条评论,大冰  著，磨铁文化 出品,100%推荐,北京联合出版有限公司,2022-08-01,http://product.dangdang.com/29453479.html
人生海海（麦家重磅力作，莫言、董卿盛赞，连续两年高居畅销榜，发行量超300万册）,1228058条评论,麦家  著 ，新经典  出品,100%推荐,北京十月文艺出版社,2019-04-16,http://product.dangdang.com/26921715.html
次第花开 修订版,810879条评论,希阿荣博堪布,100%推荐,海南出版社,2017-02-01,http://product.dangdang.com/24184084.html
杀死一只知更鸟（豆瓣9.2，关于勇气与正义的成长教科书，影响全球5000万家庭的“教养宝典”，奥巴马、贝克汉姆、奥普拉鼎力推荐）,787632条评论,哈珀・李　著  李育超 译,100%推荐,译林出版社,2017-02-01,http://product.dangdang.com/24185602.html
苏东坡传（林语堂纪念典藏精装版）,981092条评论,"林语堂 著,博集天卷 出品",100%推荐,湖南文艺出版社,2018-01-01,http://product.dangdang.com/25211578.html
遥远的救世主（天道原著王志文主演电视剧畅销遥远的救世主作者豆豆三部曲之一）,553201条评论,豆豆,99.9%推荐,作家出版社,2018-10-09,http://product.dangdang.com/25353527.html
法治的细节（罗翔新作，法律随笔，评热点、论法理、聊读书、谈爱情，人间清醒与你坦诚相见）,419254条评论,罗翔，果麦文化 出品,100%推荐,云南人民出版社,2021-11-01,http://product.dangdang.com/29323524.html
保重（限量签名版，大冰小蓝书系列收官之作！就此别过，诸君保重。）,287851条评论,大冰  著，磨铁文化 出品,100%推荐,北京联合出版有限公司,2022-09-01,http://product.dangdang.com/29453299.html
大话中国艺术史（句句有梗，一口气读完10000年中国艺术史。艺术头部自媒体意外艺术新作，句句有梗的极简艺术史又来了）,149312条评论,意公子；读客文化 出品,100%推荐,海南出版社,2022-03-01,http://product.dangdang.com/29374495.html
钝感力（渡边淳一经典励志大作！央视新闻、《奇葩说》鼎力推荐，马东、蔡康永、杨天真、王俊凯推荐书目。写给易因小事敏感，什么都往心里去的人。),788155条评论,渡边淳一著；李迎跃 译;,99.9%推荐,青岛出版社,2018-01-01,http://product.dangdang.com/25201859.html
神奇校车・桥梁书版（全20册）,1496462条评论,乔安娜柯尔　著 布鲁斯迪根 图　施芳　译,99.9%推荐,贵州人民出版社,2014-04-01,http://product.dangdang.com/23444350.html
你当像鸟飞往你的山（中文版销量超200万册，比尔・盖茨年度特别推荐！登顶《纽约时报》畅销榜80+周，这本书比你听说的还要好！）,1562013条评论,塔拉 ・ 韦斯特弗  著 ， 新经典  出品,100%推荐,南海出版公司,2019-11-01,http://product.dangdang.com/28473192.html
马尔克斯：百年孤独（50周年纪念版）,2285715条评论,加西亚・马尔克斯 著，新经典 出品,99.8%推荐,南海出版公司,2017-08-01,http://product.dangdang.com/25138856.html
面纱（毛姆于女性觉醒的经典作品，三次改编成电影。在欲望中流离失所，在自我觉醒中掌控命运。无删减全译本，获19万+好评）,214674条评论,〔英〕毛姆 著，王晋华 译,100%推荐,时代文艺出版社,2019-01-01,http://product.dangdang.com/26445650.html
消失的13级台阶（罗翔推荐！荣获日本推理小说至高荣誉江户川乱步奖！是否值得为一场痛快的复仇，陪葬掉自己的人生？）,357965条评论,(日)高野和明 著；读客文化 出品,100%推荐,上海文艺出版社,2020-04-29,http://product.dangdang.com/28542693.html
小王子（畅销500万册，罗翔老师推荐，李继宏口碑译作，作者基金会官方认证）【果麦经典】,1709491条评论,（法）安托万・德・圣埃克苏佩里，译者 李继宏，果麦文化 出品,99.9%推荐,天津人民出版社,2018-06-03,http://product.dangdang.com/25298376.html
置身事内：中国政府与经济发展（罗永浩、罗振宇、何帆、刘格菘、张军、周黎安、王烁联袂推荐，复旦经院毕业课）,242657条评论,兰小欢 著,100%推荐,上海人民出版社,2021-08-01,http://product.dangdang.com/29281158.html
云边有个小卖部（俞敏洪《在岁月中远行》单独撰文推荐，随书附赠云边镇四季明信片和张嘉佳作词单曲彩蛋）,1548737条评论,"张嘉佳 著,博集天卷 出品",100%推荐,湖南文艺出版社,2018-07-01,http://product.dangdang.com/25295369.html
心安即是归处：季羡林百年生命智慧。央视《朗读者》多次动情朗读本书名篇。,498713条评论,季羡林 著，文通天下 出品,100%推荐,古吴轩出版社,2020-08-01,http://product.dangdang.com/28976722.html
作家榜名著：月亮与六便士（全新未删节插图珍藏版！毛姆写给年轻人的梦想之书！满地都是六便士，他却抬头看见了月亮！）,1515637条评论,[英] 毛姆 著，作家榜经典名著 出品，徐淳刚（诗人） 译，大星文化，高更 绘,100%推荐,浙江文艺出版社,2017-01-10,http://product.dangdang.com/24175371.html
心灵教科书绘本系列：西兰花先生的理发店（教会孩子：敢于打破常规思维，培养创新意识）北斗出品[3-6岁],272193条评论,[日] 福田纯子/著绘 丁虹/译,100%推荐,海豚出版社,2021-01-01,http://product.dangdang.com/29167684.html
正面管教(修订版),2076997条评论,[美] 简・尼尔森,100%推荐,北京联合出版公司,2016-07-01,http://product.dangdang.com/23990140.html
平凡的世界：全三册（全新2021版，茅盾文学奖获奖作品，激励青年的不朽经典）,1134097条评论,路遥  著 ， 新经典  出品,100%推荐,北京十月文艺出版社,2021-06-01,http://product.dangdang.com/29253544.html
最温柔的教养（130则实用亲子用语范例，治愈童年的自己，温暖孩子的一生）,187356条评论,吴恩瑛,100%推荐,中信出版社,2021-09-01,http://product.dangdang.com/29295409.html
乌合之众 : 大众心理研究（群体心理学创始人古斯塔夫・勒庞代表作之一。极简翻译文风，语言深入浅出，减少艰深晦涩）,740720条评论,(法) 古斯塔夫・勒庞 著，马晓佳 译,100%推荐,民主与建设出版社,2018-04-06,http://product.dangdang.com/25246609.html
小熊和最好的爸爸（全7册）,1560277条评论,（荷）阿兰德・丹姆  著，（荷）亚历克斯・沃尔夫  绘，漆仰平，爱桐  译,99.7%推荐,贵州人民出版社,2007-11-01,http://product.dangdang.com/20039611.html
圆圈正义 罗翔经典之作 分享求学经历与人生心路 有厚度更有温度（写就于刑法学讲义、法治的细节之前，罗老师签章版，赠立体卡片）,240999条评论,罗翔,100%推荐,中国法制出版社,2019-08-07,http://product.dangdang.com/27925275.html
阅读的方法（罗胖罗振宇的新书来了！这本书里有让你爱上阅读的方法 团购热线：4001066666转6）,87866条评论,"罗振宇 著,得到图书 出品",100%推荐,新星出版社,2022-04-15,http://product.dangdang.com/29389876.html
东野圭吾：白夜行（易烊千玺、孟非推荐，东野圭吾作品无冕之王）,2099566条评论,[日]东野圭吾 著，新经典 出品,99.9%推荐,南海出版公司,2017-08-09,http://product.dangdang.com/25119332.html
红楼梦原著版（上、下册，全两册，全本120回）（团购电话:400-1066666转6）,778038条评论,曹雪芹,99.7%推荐,人民文学出版社,1982-03-01,http://product.dangdang.com/102771.html
十万个为什么 快乐读书吧四年级下册推荐课外阅读青少版科普中小学生课外阅读指导丛书彩插无障碍阅读 28万读者热评！,286234条评论,（苏）米 伊林,100%推荐,南方出版社,2018-10-01,http://product.dangdang.com/26509614.html
底层逻辑：看清这个世界的底牌（俞敏洪、董宇辉东方甄选强势推荐）,191742条评论,刘润,99.9%推荐,机械工业出版社,2021-10-01,http://product.dangdang.com/29306753.html
波西和皮普7册经典套装（小小聪明豆系列绘本）0-3岁低幼启蒙情绪管理绘本，发现快乐，体验成长！,279465条评论,（德）阿克塞尔・舍夫勒著/绘,100%推荐,外语教学与研究出版社,2015-08-17,http://product.dangdang.com/23769597.html
非暴力沟通（修订版）,862406条评论,（美）马歇尔 卢森堡Marshall B.Rosenberg,100%推荐,华夏出版社,2021-09-01,http://product.dangdang.com/29302272.html
红星照耀中国  青少版 八年级上册 人民文学出版社 团购电话4001066666转6,868317条评论,埃德加・斯诺 著；董乐山 译,100%推荐,人民文学出版社,2017-06-01,http://product.dangdang.com/25100818.html
暖房子・屁屁侦探系列（套装共7册）,236610条评论,【日】Troll/文、图   禹田文化 出品,100%推荐,海豚出版社,2020-07-01,http://product.dangdang.com/29128839.html
神奇校车・图画书版（全12册）,1755634条评论,"(美)乔安娜柯尔 著 ,(美)布鲁斯・迪根 图",99.9%推荐,贵州人民出版社,2018-05-10,http://product.dangdang.com/25252408.html
夏洛的网(2020版）（三年级阅读经典书目）,1259651条评论,（美）怀特　著，任溶溶　译,99.4%推荐,上海译文出版社,2014-08-01,http://product.dangdang.com/28533668.html
小王子（原版精美插图，傅雷翻译出版奖得主郑克鲁法文直译。揭秘作者传奇人生，展示与《小王子》有关的钱币、纪念章、邮票等）,261560条评论,(法) 圣埃克苏佩里、郑克鲁译,100%推荐,浙江工商大学出版社,2018-07-19,http://product.dangdang.com/25289386.html
少年读山海经（地理+神话+怪兽+奇闻+古文，套装 全3册，附赠定制手账本）,64022条评论,刘兴诗,100%推荐,青岛出版社,2021-10-01,http://product.dangdang.com/29311502.html
孩子读得懂的山海经（共3册）神话+神兽+异人国,313412条评论,兰梦醒 ，贺维芳 ，许萍萍 著，青鸟童书 出品,100%推荐,北京理工大学出版社,2020-11-04,http://product.dangdang.com/29152264.html
人间值得（90岁心理医生恒子奶奶写给生活的哲思小书。十点读书、《读者》2019年度“十大影响力好书”、人民日报力荐2020新年书单。）,695599条评论,[日]中村恒子（恒子奶奶）著，紫图图书  出品,100%推荐,北京日报出版社,2019-09-01,http://product.dangdang.com/27931206.html
额尔古纳河右岸（茅盾文学奖获奖作品全集28）,299453条评论,迟子建,100%推荐,人民文学出版社,2019-06-01,http://product.dangdang.com/27878108.html
跟着诗词去旅行 图说天下 寻梦之旅,319374条评论,郝娟菡,100%推荐,四川人民出版社,2019-09-01,http://product.dangdang.com/27942606.html
时间从来不语，却回答了所有问题（文学大师季羡林百岁人生的智慧精粹，未来不足惧，过往不须泣，只有时间才懂人心。）,162032条评论,季羡林 著，紫图图书出品,100%推荐,百花洲文艺出版社,2021-11-01,http://product.dangdang.com/29328156.html
猜猜我有多爱你（3-8岁）信谊世界精选图画书,266406条评论,[英] 山姆・麦克布雷尼 著，[英] 安妮塔・婕朗 绘，梅子涵 译,100%推荐,明天出版社,2020-09-01,http://product.dangdang.com/29132118.html
我爸爸+我妈妈（全2册）――清华附小推荐经典儿童绘本 ！（启发童书馆出品）,978041条评论,〔英〕安东尼・布朗 著，启发童书馆 出品,99.8%推荐,河北教育出版社,2019-10-01,http://product.dangdang.com/27913770.html
万物由来科学绘本 写给孩子的科普绘本,443860条评论,项华,100%推荐,北京联合出版有限公司,2020-08-01,http://product.dangdang.com/28973600.html
如何说孩子才会听 怎么听孩子才肯说（全新修订版）,1080207条评论,（美）玛兹丽施　著，安燕玲　译 青豆书坊 出品,99.9%推荐,中央编译出版社,2016-09-01,http://product.dangdang.com/24044642.html
皮特猫・3~6岁好性格养成书：第一辑（共6册）（乐观、积极、开朗…荣获多项大奖的好性格榜样）新老版随机发货,400976条评论,(美)艾瑞克・利温等 著；彭懿等译；读客文化 出品,100%推荐,文汇出版社,2018-07-01,http://product.dangdang.com/25298374.html
果麦经典：了凡四训（“我命由我不由天！”曾国藩、胡适、稻盛和夫推崇的生活方式手册；费勇教授精美译文）,302092条评论,袁了凡 著，译者 费勇，果麦文化 出品,100%推荐,三秦出版社,2017-09-01,http://product.dangdang.com/25157989.html
瓦尔登湖（经典新读 中央编译出版社）,147554条评论,（美）梭罗 著，王光林 译 万亭文化 出品,100%推荐,中央编译出版社,2019-04-01,http://product.dangdang.com/26916963.html
如果历史是一群喵10・宋辽金夏篇,126949条评论,肥志编绘，漫友文化出品,100%推荐,广东旅游出版社,2022-04-01,http://product.dangdang.com/29392943.html
理想国（2020全译本，西方哲学的源头，清华大学、北京大学图书馆借阅榜首位）,104120条评论,（古希腊）柏拉图著  张俊译 知书达礼 出品,100%推荐,民主与建设出版社,2020-07-01,http://product.dangdang.com/28973100.html
读读童谣和儿歌（共四册）一年级下册 语文教科书配套书目 人教版快乐读书吧,264613条评论,曹文轩 陈先云 主编,100%推荐,人民教育出版社,2018-01-01,http://product.dangdang.com/25230589.html
少年读徐霞客游记（6-12岁/地理启蒙/百科博物）,119105条评论,刘兴诗,100%推荐,青岛出版社,2020-09-01,http://product.dangdang.com/29122655.html
走遍中国 图说天下 寻梦之旅,560505条评论,霍晨昕,100%推荐,四川人民出版社,2019-02-01,http://product.dangdang.com/26510848.html
亲密关系：通往灵魂的桥梁（新版）：赵露思在《偷偷藏不住》探究亲密关系之书；杨天真推荐，穿透自我障碍，用爱酿造幸福秘方,848256条评论,"（加）克里斯多福・孟 著,博集天卷 出品",100%推荐,湖南文艺出版社,2019-04-01,http://product.dangdang.com/26490676.html
我与地坛（纪念版）,687559条评论,史铁生,99.9%推荐,人民文学出版社,2011-06-01,http://product.dangdang.com/21055821.html
世界尽头的咖啡馆（做决定前读一遍，少走弯路！美国57所高校指定研讨读物）,221389条评论,约翰・史崔勒基， 译者 万洁，果麦文化 出品,100%推荐,天津人民出版社,2019-05-01,http://product.dangdang.com/27869614.html
童年（小学语文“快乐读书吧”・六年级上阅读，高尔基自传体三部曲之一，北师大教授郑海凌翻译）,242827条评论,〔苏〕高尔基 著  郑海凌 译,100%推荐,浙江工商大学出版社,2017-08-01,http://product.dangdang.com/25126132.html
借势：以弱胜强的128条黄金法则（借大势，成大事！广告界鬼才金枪大叔20年实战经验！每句话都很值钱，读了就是赚了！）,115591条评论,金枪大叔,100%推荐,北京联合出版有限公司,2022-06-01,http://product.dangdang.com/29419726.html
东野圭吾：解忧杂货店（胡歌、王俊凯、刘昊然倾情推荐，简体中文1000万册纪念版）,2588592条评论,（日）东野圭吾  著， 新经典  出品,99.7%推荐,南海出版公司,2020-09-01,http://product.dangdang.com/29117361.html
尘埃落定：限量签章版（荣获茅盾文学奖20周年纪念版！特别加赠阿来故乡风景卡片三幅！),167518条评论,阿来,100%推荐,浙江文艺出版社,2020-09-01,http://product.dangdang.com/29131841.html
悉达多（译者姜乙翻译）【果麦经典】,249304条评论,[德]赫尔曼・黑塞，译者：姜乙，果麦文化 出品,100%推荐,天津人民出版社,2017-01-01,http://product.dangdang.com/26186058.html
狂人日记：鲁迅小说全集（1938年复社底本，中国白话小说开山之作。收录鲁迅全部小说，多篇入选语文课本）团购电话：4001066666转6,215507条评论,鲁迅，创美工厂 出品,100%推荐,中国友谊出版公司,2021-08-01,http://product.dangdang.com/29277917.html
俗世奇人（足本）（《语文》推荐阅读丛书）人民文学出版社,327584条评论,冯骥才,100%推荐,人民文学出版社,2018-04-01,http://product.dangdang.com/25267185.html
红岩（激励了无数青年的爱国情怀和奋斗热情）,783804条评论,罗广斌，杨益言,99.9%推荐,中国青年出版社,2017-09-01,http://product.dangdang.com/25167661.html
这么好玩的物理 我是学霸 给孩子的物理启蒙科普绘本,115150条评论,项华,100%推荐,北京联合出版有限公司,2021-11-01,http://product.dangdang.com/29335623.html
中国民间故事:田螺姑娘 欧洲民间故事:聪明的牧羊人 非洲民间故事 快乐读书吧五年级上册推荐阅读(中小学生课外阅读指导丛书)套装3册 彩插无障碍阅读 智慧熊图书,106957条评论,扬光编选，（意）伊塔洛 卡尔维诺等著，尚金格等编译,100%推荐,商务印书馆,2020-06-01,http://product.dangdang.com/28981906.html
时代广场的蟋蟀：麦克米伦世纪大奖小说最新升级版,615159条评论,[美]乔治・塞尔登,100%推荐,二十一世纪出版社,2017-09-01,http://product.dangdang.com/29148971.html
小羊上山儿童汉语分级读物第1级 幼小衔接学会自主识字阅读 幼儿启蒙早教书籍绘本（10册套装） 童趣出品【3-6岁】,159732条评论,孙蓓主编     童趣出版有限公司编,100%推荐,人民邮电出版社,2020-09-01,http://product.dangdang.com/29140217.html
文城（余华新书，时隔8年重磅归来，《活着》之后又一精彩力作）,399028条评论,余华  著 ， 新经典  出品,100%推荐,北京十月文艺出版社,2021-03-03,http://product.dangdang.com/29199440.html
茅盾文学奖获奖作品：人世间（第十届茅盾文学奖获奖作品，雷佳音、辛柏青、宋佳、殷桃、萨日娜、宋春丽、张凯丽等主演）,142530条评论,梁晓声,99.9%推荐,中国青年出版社,2017-11-01,http://product.dangdang.com/25207583.html
呼兰河传(中小学生课外阅读指导丛书) 无障碍阅读 彩插励志版 180000多名读者热评！,288687条评论,萧红,100%推荐,南方出版社,2021-05-01,http://product.dangdang.com/23197949.html
福尔摩斯探案集 中小学生课外阅读指导丛书 无障碍阅读 彩插励志版 37万多名读者热评！,412099条评论,(英）柯南 道尔,99.9%推荐,南方出版社,2021-04-01,http://product.dangdang.com/23453874.html
名画里看世界 给孩子能读懂的美学科普 精装版,113088条评论,钟华,100%推荐,北京联合出版有限公司,2022-01-01,http://product.dangdang.com/29346299.html
窗边的小豆豆(2018版),1660663条评论,（日）黑柳彻子， 爱心树童书  出品,99.9%推荐,南海出版公司,2018-05-01,http://product.dangdang.com/25272786.html
山茶文具店（日本畅销作家小川糸备受好评暖心之作）,269284条评论,"小川糸 著,博集天卷 出品",100%推荐,湖南文艺出版社,2018-03-31,http://product.dangdang.com/25238317.html
梅格时空大冒险・7~14岁儿童文学科幻经典（全5册）银河的裂缝 等5册儿童文学史上家喻户晓、不可逾越的经典,302847条评论,(美)马德琳・英格 著；读客文化 出品,99.9%推荐,文汇出版社,2017-07-01,http://product.dangdang.com/25099944.html
在岁月中远行（当当专享印签版，俞敏洪重磅新作，人生起伏下的心路与沉思！）,107569条评论,"俞敏洪 著,博集天卷 出品",100%推荐,新星出版社,2022-05-01,http://product.dangdang.com/29401031.html
世界上最棒的礼物――图画中隐藏无数细节，让小小孩玩过瘾！,230977条评论,文/图：赖马，启发童书馆 出品,100%推荐,北京联合出版有限公司,2019-06-30,http://product.dangdang.com/27909397.html
追风筝的人（李雪琴、高圆圆动情推荐，《纽约时报》畅销书榜上榜超100周）,1150658条评论,[美]卡勒德・胡赛尼（Khaled Hosseini） 著，李继宏 译,100%推荐,上海人民出版社,2006-05-01,http://product.dangdang.com/29211508.html
悉达多（诺贝尔文学奖得主赫尔曼・黑塞的代表作，德文直译，原版呈现。）,98716条评论,（德）赫尔曼・黑塞著 赵丽慧译,100%推荐,民主与建设出版社,2020-12-01,http://product.dangdang.com/29173387.html
一九八四（又译“1984”。奥威尔代表作，反乌托邦杰作之一）,258670条评论,"[英]乔治・奥威尔 著,傅霞 译",100%推荐,时代文艺出版社,2018-02-05,http://product.dangdang.com/25215594.html
尼尔斯骑鹅旅行记（语文教材“快乐读书吧”六年级下册阅读，翻译家石琴娥译本）,169469条评论,（瑞典）塞尔玛・拉格洛夫， 石琴娥译，小当当童书馆 出品,100%推荐,安徽教育出版社,2018-12-01,http://product.dangdang.com/26315048.html
爱的教育（语文教材“快乐读书吧”六年级上阅读，夏�D尊先生经典译本）,295117条评论,（意）亚米契斯（Amicis E D） 著，夏�D尊　译,99.8%推荐,安徽教育出版社,2015-01-01,http://product.dangdang.com/23643237.html
真希望我父母读过这本书（二十年资历心理治疗师写给父母和孩子的情感沟通书）,195596条评论,菲莉帕・佩里（Philippa Perry）,100%推荐,中信出版社,2020-08-10,http://product.dangdang.com/28997946.html
爱丽丝漫游奇境记（经典插图本，语文教材“快乐读书吧”六年级下阅读。哈利波特系列译者马爱农翻译）,176969条评论,"[英]刘易斯・卡罗尔  著,马爱农 译.",100%推荐,北京联合出版公司,2016-11-01,http://product.dangdang.com/24041686.html
我们的身体,692203条评论,[法]艾德兰  文，[法]巴尔博里尼  绘，乐乐趣  出品,99.9%推荐,未来出版社,2012-06-01,http://product.dangdang.com/23946177.html
天才在左 疯子在右(全新完整版),1591437条评论,高铭 著，磨铁文化 出品,99.9%推荐,北京联合出版有限公司,2018-05-01,http://product.dangdang.com/25285092.html
小英雄雨来 红色经典故事快乐读书吧六年级上册推荐阅读中小学生课外阅读指导丛书无障碍阅读 彩插励志版 16万多名读者热评！,182194条评论,管桦,100%推荐,南方出版社,2019-06-01,http://product.dangdang.com/27950678.html
毛泽东选集（全四册，32开）,264510条评论,毛泽东 著,99.9%推荐,人民出版社,1991-06-01,http://product.dangdang.com/23413230.html
古汉语常用字字典(第5版)新版商务印书馆 王力古汉语字典词典文言文工具书汉语中学生小学生教辅工具书实用工具书,544074条评论,原编者  王力 岑麒祥 林焘 等，修订者  蒋绍愚 唐作藩 张万起 等,99.9%推荐,商务印书馆,2016-04-01,http://product.dangdang.com/24008779.html
宝葫芦的秘密(中小学生课外阅读指导丛书)无障碍阅读 彩插励志版 160000多名读者热评！,303931条评论,张天翼著,99.9%推荐,南方出版社,2021-04-01,http://product.dangdang.com/23298283.html
骆驼祥子 全本（《语文》推荐阅读丛书）七年级下册推荐阅读 人民文学出版社,273488条评论,老舍,100%推荐,人民文学出版社,2018-04-01,http://product.dangdang.com/25267314.html
尼尔斯骑鹅旅行记 快乐读书吧 六年级下册推荐阅读(中小学生课外阅读指导丛书)无障碍阅读 彩插励志版 130000多名读者热评！,276154条评论,（瑞典）拉格洛夫,99.9%推荐,南方出版社,2021-04-01,http://product.dangdang.com/23379456.html
五味太郎：小金鱼逃走了,368765条评论,五味太郎 著， 爱心树童书  出品,100%推荐,新星出版社,2017-04-01,http://product.dangdang.com/25069499.html
彩虹色的花,363126条评论,麦克?格雷涅茨,100%推荐,二十一世纪出版社,2018-07-01,http://product.dangdang.com/25311931.html
刻意练习：如何从新手到大师,424750条评论,[美] 安德斯・艾利克森（Anders Ericsson）罗伯特・普尔（Robert Pool）,100%推荐,机械工业出版社,2021-03-01,http://product.dangdang.com/29233018.html
学会管自己幼儿版-歪歪兔自控力教育系列绘本（全10册，幼儿园情绪管理与时间管理绘本）,239264条评论,歪歪兔关键期早教项目组著绘,99.9%推荐,海豚出版社,2017-06-01,http://product.dangdang.com/25083136.html
沟通的方法（畅销60万册 得到CEO脱不花为你准备的沟通心法，助你职场一路开挂。现在加入沟通的无限游戏吧）,157743条评论,脱不花 著，得到图书 出品,100%推荐,新星出版社,2021-06-11,http://product.dangdang.com/29251809.html
二十四节气自然绘本 让孩子了解自然的瞬息万变 科普百科绘本,259670条评论,肖克之,100%推荐,北京联合出版有限公司,2020-08-01,http://product.dangdang.com/28987175.html
望江南（2022中国好书获奖作品！你一句春不晚，我就到了真江南。茅奖得主王旭烽，沉潜26年，最新长篇小说力作。）,119656条评论,王旭烽,100%推荐,浙江文艺出版社,2022-03-01,http://product.dangdang.com/29367830.html
和大人一起读（一至四册）一年级上册 语文教科书配套书目 人教版快乐读书吧,318315条评论,曹文轩、陈先云 主编,100%推荐,人民教育出版社,2019-08-01,http://product.dangdang.com/27931653.html
半小时漫画中国史1-5（全5册）（中国史大结局！笑着笑着，大清就亡了！漫画科普开创者混子哥陈磊新作！）,119104条评论,陈磊 著;读客文化 出品,100%推荐,文汇出版社,2020-12-31,http://product.dangdang.com/29165521.html
沉思录,422587条评论,马可.奥勒留 青豆书坊 出品,99.6%推荐,中央编译出版社,2008-02-01,http://product.dangdang.com/20086549.html
朝花夕拾（《语文》推荐阅读丛书）七年级上册推荐阅读  人民文学出版社,306783条评论,鲁迅,100%推荐,人民文学出版社,2018-04-01,http://product.dangdang.com/25267253.html
童年 快乐读书吧 六年级上册推荐阅读(中小学生课外阅读指导丛书)无障碍阅读 彩插励志版 220000多名读者热评！,365238条评论,（苏）高尔基,99.9%推荐,时代文艺出版社,2021-06-01,http://product.dangdang.com/22800632.html
起初・纪年（王朔新书，埋头十五年压卷之作！中国当代小说新高度）,102208条评论,王朔  著 ， 新经典  出品,99.9%推荐,新星出版社,2022-08-01,http://product.dangdang.com/29444321.html
中国民间故事 田螺姑娘 快乐读书吧五年级上册推荐阅读(中小学生课外阅读指导丛书)无障碍阅读 彩插励志版 14万多名读者热评！,212937条评论,闻钟主编,100%推荐,南方出版社,2019-06-01,http://product.dangdang.com/27898032.html
写给儿童的中国历史（中国孩子的历史启蒙，真正写给孩子看的中国通史，全彩铜版14册）,1091651条评论,陈卫平著 步印童书 出品,99.8%推荐,新世界出版社,2014-04-01,http://product.dangdang.com/23427436.html
人类群星闪耀时（无删减全译本。《一个陌生女人的来信》作者茨威格的传记杰作，14位时代英雄，14个人类命运攸关的历史时刻）,165525条评论,〔奥〕斯蒂芬・茨威格 著，潘子力 高中甫 译,100%推荐,时代文艺出版社,2018-01-15,http://product.dangdang.com/25215595.html
疯狂的化学 我是学霸 给孩子的趣味化学启蒙绘本,92080条评论,郭元婕,100%推荐,北京联合出版有限公司,2021-11-01,http://product.dangdang.com/29335624.html
皮囊（400万册纪念版，直面人生的难题，刻在骨头里的故事，容纳一个个既失去家乡又未到达远方的生命）,1343606条评论,蔡崇达，果麦文化 出品,99.9%推荐,天津人民出版社,2019-05-01,http://product.dangdang.com/27872661.html
青铜葵花（当当定制版）,410433条评论,曹文轩,99.5%推荐,天天出版社有限责任公司,2015-03-01,http://product.dangdang.com/23665180.html
人间失格（日本小说家太宰治代表作，一个对村上春树影响至深的绝望凄美故事）,2220361条评论,（日）太宰治　著，杨伟　译,99.8%推荐,作家出版社,2015-08-01,http://product.dangdang.com/23761145.html
和爸妈游中国 给孩子的手绘中国地理绘本,198645条评论,黄宇,99.9%推荐,明天出版社,2019-09-01,http://product.dangdang.com/27940176.html
"高效能人士的七个习惯（30周年纪念版）（全新增订版）（新增《纽约时报》畅销肖恩・柯维全新观点,管理大师吉姆・柯林斯作序）",327707条评论,（美）史蒂芬・柯维 ，高新勇、王亦兵、葛雪蕾译； 中青文  出品,100%推荐,中国青年出版社,2020-05-30,http://product.dangdang.com/28979183.html
呼兰河传（《呼兰河传》和《生死场》的合编本，萧红的主要作品）,303747条评论,萧红　著,99.7%推荐,北京联合出版公司,2014-12-01,http://product.dangdang.com/23618525.html
科幻世界・三体(一),412121条评论,刘慈欣，科幻世界出品,99.9%推荐,重庆出版社,2008-01-01,http://product.dangdang.com/20989573.html
简爱（英国女作家夏洛蒂・勃朗特的长篇小说，翻译家宋兆霖未删节全译本）,289633条评论,（英）夏洛蒂勃朗特　著，宋兆霖　译,99.8%推荐,作家出版社,2015-08-01,http://product.dangdang.com/23752765.html
认知觉醒：开启自我改变的原动力,188140条评论,周岭,100%推荐,人民邮电出版社,2020-09-01,http://product.dangdang.com/29119834.html
【赠明信片】大中华寻宝系列29 内蒙古寻宝记,53860条评论,京鼎动漫,100%推荐,二十一世纪出版社,2022-04-01,http://product.dangdang.com/29390585.html
橘子不是唯一的水果,312958条评论,（英）珍妮特・温特森  著， 新经典  出品,99.9%推荐,北京联合出版有限公司,2018-04-01,http://product.dangdang.com/25233927.html
理想国（商务印书馆汉译名著权威全译本，精装典藏版）,162311条评论,柏拉图 著；郭斌和 张竹明 译,100%推荐,商务印书馆,2020-06-01,http://product.dangdang.com/28989328.html
骆驼祥子 七年级下册推荐阅读 中小学生课外阅读指导丛书 无障碍阅读 彩插励志版 40万多名读者热评！,431182条评论,老舍,99.9%推荐,时代文艺出版社,2021-06-01,http://product.dangdang.com/22854395.html
边城（沈从文代表作）,221181条评论,沈从文,100%推荐,中国友谊出版公司,2019-04-01,http://product.dangdang.com/26922459.html
红星照耀中国  八年级上 名著阅读课程化丛书 导读版 人民教育出版社 团购电话4001066666转6,306599条评论,（美）埃德加・斯诺 著，胡愈之 等译,100%推荐,人民教育出版社,2018-06-01,http://product.dangdang.com/25278830.html
小巴掌童话注音版8册百篇张秋生著 小学生课外读本,352319条评论,张秋生,100%推荐,山东科学技术出版社,2023-06-30,http://product.dangdang.com/25309478.html
明朝那些事儿增补版.全集,465103条评论,当年明月 著，磨铁文化 出品,99.9%推荐,北京联合出版有限公司,2017-05-01,http://product.dangdang.com/29296796.html
那个不为人知的故事,256237条评论,"Twentine 著,酷威文化 出品",100%推荐,四川文艺出版社,2020-10-01,http://product.dangdang.com/29124262.html
也许你该找个人聊聊（李松蔚审校并作序，心理学泰斗欧文・亚隆力荐；入选豆瓣TOP250图书，2.5万人9.0高分推荐）,134925条评论,[美]洛莉・戈特利布，译者 张含笑 ，果麦文化 出品,100%推荐,上海文化出版社,2021-06-01,http://product.dangdang.com/29262795.html
钢铁是怎样炼成的(《语文》推荐阅读丛书)人民文学出版社,200140条评论,（苏）尼・奥斯特洛夫斯基,100%推荐,人民文学出版社,2018-06-01,http://product.dangdang.com/25283699.html
房思琪的初恋乐园 （豆瓣9.2高分！数百万读者强烈共鸣的文学绝唱）,558931条评论,林奕含 著，磨铁图书 出品,100%推荐,北京联合出版有限公司,2018-02-01,http://product.dangdang.com/25208978.html
大宇宙  和爸妈游太空  给孩子的手绘天文绘本,248043条评论,马劲,100%推荐,北京联合出版有限公司,2020-03-23,http://product.dangdang.com/28526631.html
二十四史少年精编版（套装全4册）萃取纯正精华，来自浩如烟海的中华典藏！,66280条评论,何孝荣,100%推荐,青岛出版社,2020-08-01,http://product.dangdang.com/29120271.html
流浪的地球（《三体》作者刘慈欣绚丽想象力之作，关乎人类命运共同体的科幻遐想，大人孩子均可阅读。),696644条评论,刘慈欣 著，小当当童书馆 出品,100%推荐,浙江教育出版社,2018-05-01,http://product.dangdang.com/25259300.html
人生没什么不可放下：弘一法师的人生智慧（弘一法师彻悟一生的人生真谛，帮你重遇未知的自己，逆袭人生！）,277113条评论,宋默 著，文通天下 出品,99.9%推荐,团结出版社,2014-01-01,http://product.dangdang.com/23394853.html
逻辑表达力:说话缜密有趣，一句顶一万句,137241条评论,刘琳,99.9%推荐,古吴轩出版社,2019-08-01,http://product.dangdang.com/27951136.html
书的全景：通往幸福、成功、财富的地图,43153条评论,池宇峰,100%推荐,中译出版社（原中国对外翻译出版公司）,2022-04-01,http://product.dangdang.com/29394068.html
昆虫记（语文教材“名著导读”经典・八年级上。内容更丰富版本：33张彩色照片图+系统分类目录+昆虫谱系表+大量详注+颠覆性纠错，帮你构筑系统的知识体系）,243590条评论,[法]让-亨利・法布尔  著    陈筱卿  译,99.9%推荐,时代文艺出版社,2017-09-01,http://product.dangdang.com/25126137.html
花婆婆――清华附小推荐的经典绘本！美国国家图书奖作品！,576894条评论,文/图:芭芭拉库尼，启发童书馆 出品,99.6%推荐,河北教育出版社,2019-11-11,http://product.dangdang.com/28479620.html
米小圈上学记一年级（套装共4册）,689546条评论,北猫,100%推荐,四川少年儿童出版社,2018-04-01,http://product.dangdang.com/25261327.html
夏天、烟火和我的尸体（张震、田�D推荐。乙一16岁惊世成名作，高口碑暗黑杰作，获第6届JUMP小说大奖）,288329条评论,（日）乙一   著，  新经典   出品,100%推荐,南海出版公司,2019-09-01,http://product.dangdang.com/27941986.html
南京大屠杀:第二次世界大战中被遗忘的大浩劫（《南京浩劫：被遗忘的大屠杀》）,164929条评论,【美】张纯如（Iris Chang）,99.9%推荐,中信出版社,2015-08-01,http://product.dangdang.com/23739650.html
罪与罚（“俄罗斯文学天才”陀思妥耶夫斯基成名之作，人能从洁白里拷打出罪恶，也能从罪恶中拷打出洁白）,84650条评论,(俄罗斯) 陀思妥耶夫斯基著，知书达礼 出品,99.9%推荐,台海出版社,2020-09-01,http://product.dangdang.com/29138984.html
月光落在左手上（精装珍藏版）,183887条评论,余秀华  著 ， 新经典  出品,99.9%推荐,北京十月文艺出版社,2020-09-01,http://product.dangdang.com/29126248.html
古文观止（上下册，原文+导读+注释+翻译，特别适合青少年）,296398条评论,[清]吴楚材，吴调侯 编  钱素洲 译,99.9%推荐,浙江教育出版社,2016-09-01,http://product.dangdang.com/24021172.html
人间词话（王国维先生的代表作，近代较富盛名的词话著作）,603575条评论,王国维　著,99.9%推荐,北京联合出版公司,2015-06-01,http://product.dangdang.com/23715237.html
安徒生童话（小学语文“快乐读书吧”・三年级上阅读，叶君健先生翻译）,220236条评论,［丹］安徒生　著 ，叶君健　译,99.9%推荐,安徽教育出版社,2015-05-01,http://product.dangdang.com/23696382.html
刘擎西方现代思想讲义（奇葩说导师、得到App主理人刘擎讲透西方思想史，马东、罗振宇、陈嘉映、施展力荐）,146609条评论,刘擎 著; 得到图书 出品,100%推荐,新星出版社,2021-01-17,http://product.dangdang.com/29180031.html
朝花夕拾  七年级上 名著阅读课程化丛书 导读版 人民教育出版社,272681条评论,鲁迅 著,100%推荐,人民教育出版社,2017-06-01,http://product.dangdang.com/25112867.html
歪歪兔逆商教育系列图画书合集全20册（儿童情绪与行为引导培养，逆商培养挫折教育，歪歪兔童书馆出品）,395766条评论,歪歪兔关键期早教项目组,99.7%推荐,海豚出版社,2021-08-01,http://product.dangdang.com/29277061.html
银火箭少年科幻系列・第1辑（8册。“雨果奖”得主、三体作者刘慈欣主编，套装内作者作品曾获银河奖特等奖等多项国际大奖）,696644条评论,刘慈欣、[英]赫伯特・乔治・威尔斯、[英]玛丽・雪莱等 著，小当当童书馆 出品,100%推荐,浙江教育出版社,2018-04-02,http://product.dangdang.com/25259302.html
人教版快乐读书吧 二年级下册套装（七色花+神笔马良+一起长大的玩具+愿望的实现）共4册 语文教科书配套书目,193065条评论,曹文轩 陈先云 主编,100%推荐,人民教育出版社,2019-01-01,http://product.dangdang.com/28486696.html
枪炮、病菌与钢铁（赠解读册）,96196条评论,贾雷德・戴蒙德 Jared Diamond,100%推荐,中信出版社,2022-01-14,http://product.dangdang.com/29351602.html
金奖好书 小学生必背古诗词75+80首全国通用1-6年级含统编版人教版RJ教材必背129首(王芳推荐)共200首超50万读者热评全国多地语文老师推荐彩绘注音有声版团购电话4001066666转6,514593条评论,说词解字辞书研究中心,100%推荐,华语教学出版社,2014-02-01,http://product.dangdang.com/23435948.html
绿野仙踪（原版插图本，影响孩子成长的经典童话，儿童文学翻译家张炽恒未删节全译）,168139条评论,〔美〕莱曼・弗兰克・鲍姆 著，张炽恒 译,100%推荐,北京联合出版公司,2016-10-12,http://product.dangdang.com/24080100.html
华夏万卷 楷书入门6件套 楷书字帖田英章书钢笔字帖成人学生硬笔书法教程初学者基础字帖(赠控笔训练),132654条评论,田英章 书,100%推荐,上海交通大学出版社,2018-12-01,http://product.dangdang.com/29130546.html
理想国（畅销多年，柏拉图代表作，人类文明的里程碑）,337050条评论,柏拉图,99.8%推荐,中国华侨出版社,2012-05-01,http://product.dangdang.com/22765017.html
心理抚养,147013条评论,李玫瑾,100%推荐,上海三联书店,2021-06-01,http://product.dangdang.com/29249369.html
和爸爸一起科学启蒙绘本（全8册+66个彩蛋，歪歪兔出品）,41785条评论,关航  文；徐敏君绘,99.9%推荐,海豚出版社,2021-10-01,http://product.dangdang.com/29309637.html
小狗钱钱（附赠免费亲子财商课+理财秘籍思维导图）,367279条评论,博多・舍费尔,100%推荐,中信出版社,2021-01-20,http://product.dangdang.com/29177871.html
稻草人（于平凡中讲述感天动地的人格魅力，让孩子读懂平凡也有闪光点的人生哲理。手绘精美插图）,158090条评论,叶圣陶，小当当童书馆 出品,100%推荐,安徽教育出版社,2018-12-01,http://product.dangdang.com/26315049.html
如果历史是一群喵11・南宋金元篇,120388条评论,肥志编绘，漫友文化出品,100%推荐,广东旅游出版社,2022-10-01,http://product.dangdang.com/29475407.html
100层的房子系列（全4册，《100层的房子》+《地下100层的房子》+《海底100层的房子》+《天空100层的房子》）,291392条评论,[日]岩井俊雄  100层童书馆 出品,100%推荐,北京科学技术出版社,2018-08-01,http://product.dangdang.com/26916076.html
美国儿科学会育儿百科（第7版）,474818条评论,美) 塔尼娅・奥尔特曼,100%推荐,北京科学技术出版社,2020-12-01,http://product.dangdang.com/29133667.html
丰子恺万般滋味，都是生活,654067条评论,丰子恺,100%推荐,华中科技大学出版社,2018-09-01,http://product.dangdang.com/25308985.html
回家（孙悦新书！电影《亲爱的》原型之一孙海洋的漫漫寻子路，传递爱的教育。）,72001条评论,孙悦,100%推荐,中信出版社,2022-09-30,http://product.dangdang.com/29460896.html
在峡江的转弯处：陈行甲人生笔记（当当专享亲笔信随机派发，南方周末、万圣书园2021十大好书）,130683条评论,陈行甲,100%推荐,人民日报出版社,2021-01-26,http://product.dangdang.com/29180001.html
如果历史是一群喵9・五代十国篇,105314条评论,肥志著 漫友文化出品,100%推荐,广东旅游出版社,2021-10-01,http://product.dangdang.com/29325171.html
晚熟的人（莫言新书）,435901条评论,莫言,100%推荐,人民文学出版社,2020-07-01,http://product.dangdang.com/28994936.html
健康不走弯路：细节打造好身体,75257条评论,刘加勇,100%推荐,中国人口出版社,2022-10-01,http://product.dangdang.com/29476617.html
想为你的深夜放一束烟火（刘同新书，随书附赠手写书名海报！暗处亦有光亮，深夜亦可疗伤，23个暖心鼓气的故事）,31554条评论,刘同，果麦文化 出品,99.9%推荐,浙江文艺出版社,2022-06-01,http://product.dangdang.com/29407842.html
沈从文：到日光下去生活（今天也要好好过。到日光下去，去找到你的甜。沈从文先生诞辰120周年全彩纪念版！一本书阅尽沈从文作品精华。汪曾祺、季羡林、贾平凹、曹文轩、董卿等极力推崇。）,113475条评论,沈从文,100%推荐,中国致公出版社,2021-08-01,http://product.dangdang.com/29278002.html
停止你的内在战争,49015条评论,黄仕明,100%推荐,民主与建设出版社,2022-05-01,http://product.dangdang.com/29384636.html
西游记原著版（上、下册）（团购电话:400-1066666转6）,448260条评论,吴承恩,99.3%推荐,人民文学出版社,2010-10-01,http://product.dangdang.com/104336.html
四五快读 全彩图升级版――幼儿快速识字阅读法（全8册）(让孩子爱上阅读 快乐识字)[精选套装],528229条评论,杨其铎　著,99.9%推荐,湖南科技出版社,2012-02-01,http://product.dangdang.com/22745425.html
小鸡球球触感玩具书:全5册（升级点读版，纸板书、触摸发声书、翻翻书、洞洞书）,505065条评论,作绘者：[日]入山 智  译者：崔维燕,99.9%推荐,新星出版社,2022-01-18,http://product.dangdang.com/29353542.html
中国民间故事 田螺姑娘 快乐读书吧 五年级上册推荐阅读(中小学生课外阅读指导丛书)彩插无障碍阅读 智慧熊图书,66409条评论,扬光编选,100%推荐,商务印书馆,2020-06-01,http://product.dangdang.com/28981729.html
作家榜名著：老人与海（百万册珍藏版《老人与海》！作家鲁羊经典全译本！人可以被毁灭，但不能被打败！读经典名著认准作家榜！）,346282条评论,[美] 海明威 著，作家榜经典名著 出品，鲁羊 译,100%推荐,浙江文艺出版社,2017-02-20,http://product.dangdang.com/24183943.html
小猪唏哩呼噜(注音版上下),688533条评论,孙幼军,99.9%推荐,春风文艺出版社,2021-11-01,http://product.dangdang.com/29318457.html
科幻世界・三体(二)黑暗森林,305003条评论,刘慈欣，科幻世界出品,99.9%推荐,重庆出版社,2008-05-01,http://product.dangdang.com/20974282.html
月亮与六便士（精装典藏版，未删节全译+详细详注+12幅高更画作+14幅毛姆照片）,125496条评论,〔英〕毛姆 著 ；苏福忠 译,99.9%推荐,时代文艺出版社,2019-06-01,http://product.dangdang.com/27874293.html
海蒂怀孕大百科（全新第5版，  百万育儿大V大J小D、年糕妈妈推荐！）,164737条评论,（美）海蒂・麦考夫，（美）莎伦・梅泽尔 著，新经典 出品,99.9%推荐,南海出版公司,2019-04-01,http://product.dangdang.com/27380294.html
我不敢说，我怕被骂――邓超微博推荐的绘本 带给孩子更多勇气和自信的绘本！,596608条评论,[荷兰]皮姆・范・赫斯特 著，启发童书馆 出品,100%推荐,北京联合出版公司,2019-11-01,http://product.dangdang.com/27942695.html
在细雨中呼喊（精装版）,146314条评论,余华 著，新经典 出品,100%推荐,北京十月文艺出版社,2018-05-01,http://product.dangdang.com/25263398.html
大卫科波菲尔（狄更斯传奇自传性小说，翻译家宋兆霖全译本）,144305条评论,"[英] 查尔斯・狄更斯 著, 宋兆霖 译",99.8%推荐,作家出版社,2015-08-01,http://product.dangdang.com/23753565.html
趣说中国史1+2（全2册）,285830条评论,趣哥,100%推荐,台海出版社,2022-06-01,http://product.dangdang.com/29408238.html
大熊先生盖房子（澳大利亚青少年图书奖获奖作家、加拿大总督奖获奖绘者联袂打造）,113046条评论,(澳) 珍・戈德温、(澳) 迈克尔・瓦格纳 文，(加) 安德鲁・乔伊纳 图，方素珍 译，小当当童书馆 出品,100%推荐,中译出版社,2017-11-01,http://product.dangdang.com/25183398.html
霍乱时期的爱情（《百年孤独》作者马尔克斯传世巨著，展示爱情的所有可能）,899694条评论,（哥伦比亚）加西亚 ・ 马尔克斯  著 ， 新经典  出品,100%推荐,南海出版公司,2020-03-01,http://product.dangdang.com/28522850.html
这世界很好，但你也不差（打破满意度低幸福感差，这世界真叫人疲倦的死循环。万特特全新作品，《这世界很烦，但你要很可爱》姊妹篇）,128592条评论,万特特,100%推荐,新世界出版社,2021-08-01,http://product.dangdang.com/29272806.html
活法,430045条评论,【日】稻盛和夫,99.8%推荐,东方出版社,2019-11-01,http://product.dangdang.com/28481444.html
罗尔德・达尔作品典藏（彩图拼音版）―了不起的狐狸爸爸,370529条评论,(英) 罗尔德・达尔 著； (英) 昆汀・布莱克绘；代维 译。,100%推荐,明天出版社,2018-09-01,http://product.dangdang.com/25575797.html
我们仨（新版）,1612390条评论,杨绛,99.8%推荐,生活.读书.新知三联书店,2018-06-01,http://product.dangdang.com/25284154.html
列那狐的故事 快乐读书吧 五年级上册推荐阅读(中小学生课外阅读指导丛书)无障碍阅读 彩插励志版 96000多名读者热评！,178019条评论,（法）玛特 艾 季罗夫人著,100%推荐,南方出版社,2021-06-01,http://product.dangdang.com/23327542.html
知行合一王阳明大全集（套装共3册）（全面解读知行合一理念的经典全集）,81121条评论,度阴山 著；读客文化 出品,100%推荐,江苏凤凰文艺出版社,2018-03-05,http://product.dangdang.com/25236155.html
科幻世界・三体(三)死神永生,296178条评论,刘慈欣，科幻世界出品,99.9%推荐,重庆出版社,2010-11-01,http://product.dangdang.com/20994167.html
非自然死亡：我的法医笔记（法医秦明冠名推荐，15年法医生涯，19宗真实案件改编。全网阅读超1亿人次！）,159896条评论,刘晓辉 著，真故图书 出品,100%推荐,台海出版社,2020-11-30,http://product.dangdang.com/29177689.html
有故事的汉字 第1辑（全3册）彩色印刷，图文并茂，详细诠释汉字的根与源，汉字的形与意,203690条评论,邱昭瑜,99.8%推荐,青岛出版社,2015-01-06,http://product.dangdang.com/23629505.html
手不是用来打人的（儿童好品德系列，全5册）孩子多读就见效的习惯养成书，缓解新手爸妈育儿焦虑，王志庚、孙莉莉、朱爱朝推荐,488935条评论,（美）伊丽莎白・弗迪克、（美）玛丁妮・阿加西/著（美）玛丽卡・海因莱因/绘 陈薇薇、刘宣谷/译,99.9%推荐,贵州教育出版社,2018-04-01,http://product.dangdang.com/25284537.html
长安的荔枝,288815条评论,"马伯庸 著,博集天卷 出品",100%推荐,湖南文艺出版社,2022-10-31,http://product.dangdang.com/29470275.html
一只想飞的猫 二年级上册 小学生二年级快乐读书吧推荐阅读 全彩注音有声朗读 二年级课外阅读,92159条评论,陈伯吹,100%推荐,商务印书馆,2019-06-01,http://product.dangdang.com/27883645.html
月亮与六便士（曾获豆瓣9.4高分评论，一本好书、腾讯视频栏目推荐）,241087条评论,毛姆,99.8%推荐,南海出版公司,2016-04-01,http://product.dangdang.com/23924481.html
十二生肖的故事――首届丰子恺儿童图画书奖得主  赖马作品！,204955条评论,文/图：赖马，启发童书馆 出品,100%推荐,河北教育出版社,2020-03-28,http://product.dangdang.com/28519501.html
不一样的卡梅拉手绘本（1-12册）,943041条评论,"（法）克利斯提昂 约里波瓦著郑迪蔚译 ,（法）克利斯提昂 艾利施绘",99.7%推荐,二十一世纪出版社,2013-06-01,http://product.dangdang.com/23257828.html
月亮和六便士（毛姆代表作之一，全新导读+无删节详注版）,614470条评论,〔英〕毛姆 著  苏福忠 译,99.9%推荐,时代文艺出版社,2017-09-01,http://product.dangdang.com/25126128.html
同名同姓受害者协会（登场人物全员同名同姓！江户川乱步奖得主推理神作！）（读客悬疑文库）,42817条评论,[日] 下村敦史；虞侃 译；读客文化 出品,100%推荐,文汇出版社,2022-03-30,http://product.dangdang.com/29386315.html
罪与罚 犯罪心理分析小说的大师级经典之作 世界名著典藏,127239条评论,"（俄）陀思妥耶夫斯基（著),朱宪生、曾思艺译 万亭文化 出品",100%推荐,中央编译出版社,2015-06-01,http://product.dangdang.com/23806802.html
心若菩提(增订本),140917条评论,曹德旺 著,100%推荐,人民出版社,2020-10-01,http://product.dangdang.com/29144556.html
汤姆・索亚历险记（深受儿童欢迎的冒险小说，小学语文“快乐读书吧”・六年级下阅读）,257480条评论,〔美〕马克・吐温 著 张友松 译,100%推荐,浙江工商大学出版社,2017-04-01,http://product.dangdang.com/25061586.html
儒林外史(56回全本，内容考证、文字句读全新修订版),334372条评论,吴敬梓,99.7%推荐,花山文艺出版社,2015-07-01,http://product.dangdang.com/23733160.html
外婆的道歉信（外婆说，要大笑要做梦要与众不同。人生是一场伟大的冒险。销量突破100万册。随书附赠一封神秘道歉信）,648226条评论,[瑞典]弗雷德里克・巴克曼，译者 孟汇一，果麦文化 出品,99.9%推荐,天津人民出版社,2017-05-01,http://product.dangdang.com/25072421.html
陪孩子弯道超车（给家长和孩子的逆袭指南）,101074条评论,吉田 著，磨铁文化 出品,100%推荐,北京联合出版有限公司,2022-07-01,http://product.dangdang.com/29431668.html
走遍世界 图说天下 寻梦之旅,235550条评论,王秀莉,100%推荐,四川人民出版社,2020-12-01,http://product.dangdang.com/29174191.html
钱穆谈中国历史文化：中国历史精神,139646条评论,钱穆,100%推荐,贵州人民出版社,2019-06-06,http://product.dangdang.com/27874588.html
万历十五年 一本好书 腾讯视频栏目推荐,883389条评论,黄仁宇,99.5%推荐,生活.读书.新知三联书店,2006-06-01,http://product.dangdang.com/23445575.html
米小圈脑筋急转弯（第一辑）（套装共4册）,704521条评论,北猫,95.7%推荐,四川少儿出版社,2016-01-01,http://product.dangdang.com/23878838.html
人类简史：从动物到上帝（第十届文津奖作品。颠覆认知，刷新世界观！我们的过去尽在此书！尤瓦尔赫拉利著，新老版封面随机发）,791444条评论,[以色列] 尤瓦尔・赫拉利（Yuval Noah Harari）,99.9%推荐,中信出版社,2017-01-01,http://product.dangdang.com/24186019.html
许三观卖血记（2017精装典藏版，增录新版自序）,153105条评论,余华 著，新经典 出品,100%推荐,北京十月文艺出版社,2017-10-01,http://product.dangdang.com/25165143.html
南明史（全2册）（内斗就要亡国，亡国也要内斗！从南明的灭亡，看透人性的荒唐！荣获中国国家图书奖，明史大家顾诚代表作）,77440条评论,顾诚；读客文化 出品,99.8%推荐,北京日报出版社,2022-03-01,http://product.dangdang.com/29383944.html
男孩百科--优秀男孩的学习妙招,84426条评论,彭凡  编著,100%推荐,化学工业出版社,2017-01-01,http://product.dangdang.com/24059881.html
拼音真好玩（全彩6册）（从幼小衔接到一年级，拼音学习启蒙书，附赠超实用拼音全表） 小猛犸童书出品,306450条评论,周霞 著 段张取艺 绘,100%推荐,电子工业出版社,2018-10-15,http://product.dangdang.com/25352309.html
西游记幼儿美绘本（全10册）（点读版）,131099条评论,吕进 改编，吴家晔  贾雄虎 绘，海豚传媒 出品,99.9%推荐,少年儿童出版社,2018-05-01,http://product.dangdang.com/25276987.html
朝花夕拾 七年级上册推荐阅读(中小学生课外阅读指导丛书) 无障碍阅读 彩插励志版 120000多名读者热评！,199511条评论,鲁迅,99.9%推荐,时代文艺出版社,2021-06-01,http://product.dangdang.com/22854398.html
牧羊少年奇幻之旅（央视《朗读者》、湖南卫视《天天向上》、李现、黄轩、TFBOYS、高圆圆推荐，能改变一个人一生的书）,678723条评论,（巴西）保罗・柯艾略 著，新经典 出品,99.9%推荐,北京十月文艺出版社,2018-01-01,http://product.dangdang.com/25172978.html
苏菲的世界（平装新版）八年级阅读乔斯坦贾德哲学入门书作家出版社,445529条评论,乔斯坦・贾德,100%推荐,作家出版社,2017-09-19,http://product.dangdang.com/25170989.html
快乐读书吧 二年级上册推荐阅读 小鲤鱼跳龙门 一只想飞的猫 孤独的小螃蟹 小狗的小房子“歪脑袋”木头桩 全彩注音有声套装5册 小学二年级课外阅读,237385条评论,金近，陈伯吹，冰波，孙幼军，严文井,100%推荐,商务印书馆,2019-06-01,http://product.dangdang.com/27883695.html
森林报 春/夏/秋/冬（以报刊纪实的手法，给孩子生动地讲述四季中的大自然百科。精美插图）,135433条评论,（苏）比安基 ；小当当童书馆 出品,100%推荐,安徽教育出版社,2019-01-01,http://product.dangdang.com/26491814.html
刀锋（毛姆经典哲思之作，苏州大学方华文教授全新修订&详细注释本）,83763条评论,"[英]毛姆 著,方华文 译",99.9%推荐,时代文艺出版社,2018-05-14,http://product.dangdang.com/25273833.html
终身成长：重新定义成功的思维模式,340663条评论,[美]卡罗尔・德韦克（Carol Dweck) ， 译者：楚�t楠   后浪,100%推荐,江西人民出版社,2017-11-01,http://product.dangdang.com/25166912.html
海底两万里（语文教材“名著导读”经典・七年级下。翻译家陈筱卿先生译本）,322057条评论,[法]儒勒・凡尔纳 著 陈筱卿 译,100%推荐,浙江工商大学出版社,2017-09-01,http://product.dangdang.com/25126138.html
爱，需要学习（为中国式亲密关系度身定制的实践指南，心理学者陈海贤教你拥有高质量亲密关系）,44266条评论,陈海贤 著，得到图书 出品,100%推荐,新星出版社,2022-01-05,http://product.dangdang.com/29338142.html
树孩：赵丽宏全新力作（2021年度中国好书获奖图书）,68043条评论,赵丽宏 著,100%推荐,长江文艺出版社,2021-09-01,http://product.dangdang.com/29284522.html
断舍离（2019新版，全新修订50%以上内容）宫崎骏、张德芬、李冰冰的减法哲学,394026条评论,"山下英子 著,博集天卷 出品",100%推荐,湖南文艺出版社,2019-01-11,http://product.dangdang.com/26482259.html
我喜欢自己――邓超微博推荐的绘本 带给孩子更多勇气和自信的绘本！,490338条评论,[美]南希・卡尔森 著，启发童书馆 出品 余治莹 译,99.6%推荐,河北教育出版社,2019-11-01,http://product.dangdang.com/27942697.html
了不起（冯唐成事学全新力作，一个人活明白了才是真的了不起！）,64785条评论,冯唐,100%推荐,北京联合出版有限公司,2022-08-01,http://product.dangdang.com/29445325.html
希腊神话故事 快乐读书吧 四年级上册推荐阅读(中小学生课外阅读指导丛书)无障碍阅读 彩插励志版 26000多名读者热评！,116163条评论,（德）施瓦布,100%推荐,南方出版社,2018-10-01,http://product.dangdang.com/26440478.html
狼王梦（升级版）/动物小说大王沈石溪・品藏书系,747087条评论,沈石溪,99.9%推荐,浙江少年儿童出版社,2018-07-01,http://product.dangdang.com/25309929.html
不爱说话的十一岁・纽伯瑞儿童文学奖金奖（写尽8~12岁孩子的心事！孩子到了有心事的年纪，只需要倾听、倾听和倾听）,68486条评论,[菲]艾琳.恩瑞达.凯莉 著；读客文化 出品,100%推荐,文汇出版社,2020-05-31,http://product.dangdang.com/28554400.html
小熊宝宝绘本（简装全15册）蒲蒲兰经典绘本！新手妈妈的育儿宝典！(0-3岁),1067823条评论,佐佐木洋子 文/图，蒲蒲兰 译,99.7%推荐,新世纪出版社,2007-05-16,http://product.dangdang.com/25289538.html
沧浪之水（某瓣8.5分，入围茅盾文学奖。职场小白、考公人的启蒙之书。胡军、于和伟主演电视剧岁月原著。2021版）,173455条评论,阎真  著 ， 新经典  出品,99.8%推荐,北京十月文艺出版社,2021-07-01,http://product.dangdang.com/29270902.html
命运（蔡崇达新书，畅销400万册《皮囊》作者长篇新作。刘德华、韩寒、白岩松、李敬泽、程永新联袂推荐！一个人的无常，所有人的命运）,86146条评论,蔡崇达，果麦文化 出品,100%推荐,浙江文艺出版社,2022-09-01,http://product.dangdang.com/29458883.html
全球最美的100个地方 图说天下 国家地理,383562条评论,《图书天下・国家地理系列》编委会,99.9%推荐,北京联合出版公司,2012-06-01,http://product.dangdang.com/22790547.html
DK博物大百科――自然界的视觉盛宴,246753条评论,英国DK公司,99.9%推荐,科学普及出版社,2018-09-01,http://product.dangdang.com/27887900.html
三毛流浪记（彩图注音读物）,630076条评论,张乐平   著,99.9%推荐,少年儿童出版社,2017-06-01,http://product.dangdang.com/25106955.html
山月记（如果你很迷茫！自我拉扯！一定要读《山月记》。日本文豪中岛敦笔下的中国物语，常年入选日本国语教材）【果麦经典】,229074条评论,（日）中岛敦，译者 徐建雄，绘者 撒旦君，果麦文化 出品,99.9%推荐,三秦出版社,2019-02-01,http://product.dangdang.com/26514431.html
中国古代神话 快乐读书吧四年级上册推荐阅读(中小学生课外阅读指导丛书)无障碍阅读 彩插励志版 6万多名读者热评！,96414条评论,闻钟主编,100%推荐,南方出版社,2019-06-01,http://product.dangdang.com/27898031.html
红楼梦 四大名著 高中语文“读整本书”推荐阅读 全本120回（足本典藏精装 无障碍阅读 疑难字注音 解词释义）15万多读者热评！,162638条评论,曹雪芹,99.9%推荐,商务印书馆,2016-04-01,http://product.dangdang.com/23992016.html
斯凯瑞金色童书・益智经典（百年诞辰纪念版，全4册）（原斯凯瑞金色童书・第一辑）,398831条评论,【美】理查德・斯凯瑞,99.7%推荐,贵州人民出版社,2019-05-01,http://product.dangdang.com/27852072.html
早起的奇迹,82520条评论,[美]哈尔・埃尔罗德（Hal Elrod）；易伊 译；中资海派  出品,100%推荐,广东人民出版社,2018-02-01,http://product.dangdang.com/25229707.html
大语文那些事儿（全6册）大语文时代，得语文者得天下。字词、作文、阅读、古诗、古文一网打尽。,137394条评论,赵旭,100%推荐,北京理工大学出版社,2020-10-01,http://product.dangdang.com/29194673.html
丰乳肥臀（莫言用情极深的长篇代表作，女性苦难史）,207437条评论,莫言,100%推荐,浙江文艺出版社,2020-03-01,http://product.dangdang.com/28531227.html
变量4：大国的腾挪（熬过去，就是海阔天空！看智慧的中国人如何腾挪自如、走出困境）,32470条评论,何帆 著，得到图书 出品,99.9%推荐,新星出版社,2022-01-04,http://product.dangdang.com/29346003.html
论语译注（简体字本） 修订新版,391015条评论,杨伯峻 译注,99.9%推荐,中华书局,2017-08-01,http://product.dangdang.com/25163221.html
东野圭吾：透明的螺旋（东野圭吾新书，《嫌疑人X的献身》系列新作！你，准备好逃出悲剧的循环了吗？）,64810条评论,（日）东野圭吾  著 ， 新经典  出品,100%推荐,南海出版公司,2022-04-01,http://product.dangdang.com/29389578.html
悠悠岁月（2022年诺贝尔文学奖得主安妮・埃尔诺作品）,61803条评论,（法）安妮・埃尔诺（AnnieErnaux） 著 吴岳添 译,99.9%推荐,人民文学出版社,2021-05-01,http://product.dangdang.com/29256580.html
围城,285497条评论,钱钟书,99.9%推荐,人民文学出版社,2017-06-01,http://product.dangdang.com/25095529.html
是谁嗯嗯在我的头上――邓超微博推荐的绘本 带给孩子更多勇气和自信的绘本！,340894条评论,文/维尔纳霍・尔茨瓦特，图/沃尔夫・埃布鲁赫，方素珍 译,99.8%推荐,河北教育出版社,2019-11-01,http://product.dangdang.com/27942700.html
复活（精装大开本，托尔斯泰三部曲之一，草婴翻译，无删节全译本）,55857条评论,〔俄〕列夫・托尔斯泰 著   草婴 译,99.9%推荐,时代文艺出版社,2019-10-30,http://product.dangdang.com/28473429.html
茶花女 世界名著典藏,81809条评论,（法）小仲马　著，李玉民　译 万亭文化 出品,99.9%推荐,中央编译出版社,2015-01-01,http://product.dangdang.com/23645228.html
文化苦旅（余秋雨亲定版本，了解中国文化脉络的经典著作，三代人共读的文学典范，中国家长送给子女更多的一本书）,98533条评论,余秋雨 著，磨铁文化 出品,100%推荐,北京联合出版有限公司,2020-05-01,http://product.dangdang.com/28541326.html
曾国藩传（张宏杰新作）,139908条评论,张宏杰 著，磨铁文化 出品,100%推荐,民主与建设出版社,2019-01-01,http://product.dangdang.com/26289139.html
罪与罚（刑法学罗翔老师推荐版本，用爱和生活去对抗痛苦！）【果麦经典】,154988条评论,陀思妥耶夫斯基，译者：曾思艺，果麦文化 出品,100%推荐,浙江文艺出版社,2019-02-01,http://product.dangdang.com/26490763.html
米小圈上学记二年级（套装共4册）,469010条评论,北猫,100%推荐,四川少年儿童出版社,2018-04-01,http://product.dangdang.com/25261323.html
盛和塾指定学习教材 干法 最新平装本,172252条评论,[日] 稻盛和夫 著，曹岫云 译,100%推荐,机械工业出版社,2021-07-01,http://product.dangdang.com/29298908.html
沉默的大多数（爱智慧、爱自由、反对愚蠢，读王小波的“上头之选”！依据王小波手稿、生前定稿修订多年讹误，SHOU度以读者视角排定蕞佳阅读顺序。）,382689条评论,王小波  著 ， 新经典  出品,100%推荐,北京十月文艺出版社,2021-01-01,http://product.dangdang.com/29176568.html
罗尔德・达尔作品典藏 了不起的狐狸爸爸,693055条评论,罗尔德・达尔,99.9%推荐,明天出版社,2009-03-01,http://product.dangdang.com/25110012.html
大侦探福尔摩斯（第1辑）（全6册）,216614条评论,柯南・道尔 著；厉河 编；余远�B 绘；海豚传媒出品,100%推荐,湖北教育出版社,2018-02-01,http://product.dangdang.com/25224595.html
少有人走的路：心智成熟的旅程（白金升级版）,241356条评论,[美]M.斯科特・派克(M.Scott Peck)  ，译者：于海生  严冬冬  ，正清出品,100%推荐,北京联合出版有限公司,2020-10-20,http://product.dangdang.com/29139774.html
罗尔德・达尔作品典藏 查理和巧克力工厂,400380条评论,罗尔德・达尔,99.9%推荐,明天出版社,2009-03-01,http://product.dangdang.com/25110008.html
妈妈买绿豆（3-8岁） 信谊幼儿文学奖,194414条评论,曾阳晴 著，万华国 绘,100%推荐,明天出版社,2019-08-01,http://product.dangdang.com/27924057.html
天堂旅行团（继《全世界》《云边》之后，张嘉佳新书2021全新长篇力作）,153494条评论,"张嘉佳 著,博集天卷 出品",100%推荐,湖南文艺出版社,2021-08-01,http://product.dangdang.com/29288121.html
泰戈尔诗集：新月集・飞鸟集（泰戈尔诗选+《泰戈尔传》。语文教材“名著导读”经典・九年级上）,159082条评论,(印) 泰戈尔 著，郑振铎  译,100%推荐,浙江工商大学出版社,2018-04-09,http://product.dangdang.com/25251934.html
傅雷家书,135368条评论,"傅雷 著,酷威文化 出品",100%推荐,万卷出版公司,2021-01-01,http://product.dangdang.com/29150685.html
阿Q正传（收录鲁迅《阿Q正传》《狂人日记》《药》等17个中短篇小说）,234768条评论,鲁迅  著,99.6%推荐,北京联合出版公司,2014-12-01,http://product.dangdang.com/23629643.html
陪孩子走过小学六年（全新增订版）（新版）,140151条评论,刘称莲 著，磨铁文化 出品,100%推荐,北京联合出版公司,2019-07-23,http://product.dangdang.com/27907989.html
天蓝色的彼岸（赠书签）,334894条评论,[英]亚历克斯・希勒/著；吕良忠/译     禹田文化  出品,99.8%推荐,北京联合出版有限公司,2019-03-01,http://product.dangdang.com/26483740.html
没头脑和不高兴（注音版）,524990条评论,任溶溶,100%推荐,浙江少年儿童出版社,2021-08-01,http://product.dangdang.com/29291249.html
恶意（东野圭吾四大杰作之一。最大的恶意不是杀了你，而是毁了你。颠覆推理，直面人性深渊！2022新译本）,878843条评论,东野圭吾  著 ，新经典  出品,100%推荐,南海出版公司,2022-01-01,http://product.dangdang.com/29354040.html
心流：最优体验心理学,159455条评论,(美)米哈里・契克森米哈赖 著；张定绮 译,100%推荐,中信出版社,2017-12-01,http://product.dangdang.com/25183660.html
围城,1217967条评论,钱钟书　著,99.8%推荐,人民文学出版社,1991-02-01,http://product.dangdang.com/22819334.html
职场晋升101（学会本书一小半，骑着火箭往上蹿！30万人验证过的职场干货，解决长期痛点！努力工作非常重要，升职加薪另有诀窍！）,37919条评论,崔璀；读客文化 出品,100%推荐,江苏凤凰文艺出版社,2022-04-01,http://product.dangdang.com/29387284.html
趣说中国史：如果把中国422位皇帝放在一个群里，他们会聊些什么？,218337条评论,趣哥 著,100%推荐,台海出版社,2020-11-01,http://product.dangdang.com/29151341.html
小王子,78149条评论,(法) 圣埃克苏佩里、郑克鲁译,99.9%推荐,浙江工商大学出版社,2018-07-19,http://product.dangdang.com/29393900.html
小学生思维方式漫画（用前人的经验优化自己的思维模式，让学习和成长事半功倍。全2册。歪歪兔童书馆出品）,24205条评论,歪歪兔童书馆著绘,100%推荐,海豚出版社,2021-11-01,http://product.dangdang.com/29354224.html
青铜葵花正版曹文轩纯美小说7-8-9-10-12岁草房子系列儿童文学校园青少年版四五六年级下册小学生课外阅读书籍全套原版完整版,508001条评论,曹文轩,99.9%推荐,江苏少年儿童出版社,2016-04-01,http://product.dangdang.com/23949032.html
城南旧事（《语文》阅读丛书）人民文学出版社,95461条评论,林海音,100%推荐,人民文学出版社,2018-05-01,http://product.dangdang.com/25275955.html
愿你慢慢长大（与刘瑜、周国平、冯唐等名家一起开始一场温柔的教养旅程，聊一聊关于教养的真心话，感受孩子成长的真实意义。）,245858条评论,刘瑜、周国平等，联合读创   出品,100%推荐,北京联合出版有限公司,2018-01-01,http://product.dangdang.com/25193588.html
小英雄雨来 （读经典，悼念不朽的少年英雄，传承红色爱国思想。新版本，手绘精美插图）,105317条评论,管桦；小当当童书馆出品,100%推荐,辽宁少年儿童出版社,2019-04-01,http://product.dangdang.com/27869317.html
童年 快乐读书吧六年级上指定阅读 《语文》阅读丛书 人民文学出版社,165234条评论,（苏）高尔基,100%推荐,人民文学出版社,2018-07-01,http://product.dangdang.com/25307380.html
这就是物理（函套10册）,251439条评论,约瑟夫・米森（Joseph Midthun） 萨缪・希提（Sam Hiti）,100%推荐,北京理工大学出版社,2019-07-01,http://product.dangdang.com/27909879.html
半小时漫画论语（孔子原来这么爱吐槽！看孔子和弟子们卖萌吐槽，人生哲理全学到！混子哥陈磊新作！）,68134条评论,陈磊・半小时漫画团队；读客文化 出品,100%推荐,文汇出版社,2021-09-30,http://product.dangdang.com/29308991.html
稻草人 快乐读书吧 三年级上册推荐阅读(中小学生课外阅读指导丛书)无障碍阅读 彩插励志版 300000多名读者热评！,389535条评论,叶圣陶著,99.9%推荐,时代文艺出版社,2012-06-01,http://product.dangdang.com/22854397.html
朝花夕拾(语文教材“名著导读”经典・七年级上。大语文理念打造：思维导图+详细注释+知识拓展+彩色插图),93314条评论,鲁迅 著,100%推荐,时代文艺出版社,2020-04-21,http://product.dangdang.com/28535531.html
崔玉涛育儿百科,165682条评论,崔玉涛,100%推荐,中信出版社,2018-12-31,http://product.dangdang.com/26312676.html
纳瓦尔宝典：从白手起家到财务自由，硅谷知名天使投资人纳瓦尔智慧箴言录,93750条评论,埃里克・乔根森,100%推荐,中信出版社,2022-05-31,http://product.dangdang.com/29393845.html
面纱（毛姆作品）,139777条评论,【英】毛姆，果麦文化 出品,100%推荐,江西人民出版社,2016-05-04,http://product.dangdang.com/23950046.html
如果历史是一群喵1-10全集（共10册）,52352条评论,肥志编绘，漫友文化出品,99.9%推荐,广东旅游出版社,2022-04-01,http://product.dangdang.com/29392942.html
山海经（白话全译彩图版珍藏版）,376517条评论,徐客  著    紫图图书   出品,99.8%推荐,现代出版社,2012-03-01,http://product.dangdang.com/22627427.html
父母的语言：3000万词汇塑造更强大的学习型大脑,268702条评论,[美]达娜・萨斯金德（Dana Suskind），MD 贝丝・萨斯金德（Bet,100%推荐,机械工业出版社,2021-06-15,http://product.dangdang.com/29252406.html
草房子：六年级推荐课外阅读书/曹文轩纯美小说系列,549817条评论,曹文轩,99.9%推荐,江苏凤凰少年儿童出版社,2016-04-01,http://product.dangdang.com/23953627.html
绝叫（罗翔推荐，某瓣8.9分年度推理top①社会派现象级神作，长达四十年恶女编年史，怀才者的自怜是天鹅的挽歌，平庸者的崩坏是野兽的绝叫。）,107289条评论,叶真中显 著 林佩瑾 译 联合读创 出品,99.9%推荐,北京联合出版有限公司,2020-07-01,http://product.dangdang.com/28992227.html
山海经 快乐读书吧 四年级上册推荐阅读(中小学生课外阅读指导丛书)无障碍阅读 彩插励志版 5万多名读者热评！,124675条评论,（晋）郭璞 注,100%推荐,南方出版社,2019-06-01,http://product.dangdang.com/27898728.html
一个陌生女人的来信（茨威格中短篇小说选，豆瓣9.4高评分译作，德文直译无删节）,215565条评论,〔奥〕斯蒂芬・茨威格 著  高中甫 韩耀成 译,99.9%推荐,时代文艺出版社,2017-09-01,http://product.dangdang.com/25126131.html
呼兰河传(《语文》推荐阅读丛书)人民文学出版社,167095条评论,萧红,100%推荐,人民文学出版社,2018-04-01,http://product.dangdang.com/25283736.html
论语（国学启蒙经典系列。全文注音+详尽注释+精准翻译，无需古文基础，也能轻松读懂）,129312条评论,张圣洁 主编；闫立君、刘汛涛 副主编,100%推荐,浙江教育出版社,2019-01-01,http://product.dangdang.com/26487781.html
了不起的我：自我发展的心理学（陈海贤重磅新作，得到付费用户亲测有效 ）,190101条评论,陈海贤 著; 得到图书 出品,100%推荐,台海出版社,2019-11-01,http://product.dangdang.com/28469677.html
地心游记（银火箭少年科幻系列・第2辑，又译《地心历险记》，经典探险科幻小说，引发孩子对自然宇宙的思考）,52043条评论,［法］儒勒・凡尔纳 著 陈筱卿译；小当当童书馆 出品,100%推荐,民主与建设出版社,2020-04-01,http://product.dangdang.com/28532004.html
动物农场（乔治・奥威尔经典的讽喻之作 ，也译“动物庄园”，后附英文版）,94514条评论,〔英〕乔治・奥威尔 著，姜希颖 译,100%推荐,时代文艺出版社,2018-03-01,http://product.dangdang.com/25229341.html
"度阴山讲了凡四训（真想改变命运,就读《了凡四训》！《知行合一王阳明》作者度阴山翻译、注释、解读）新老版随机发货！",39588条评论,[明] 袁了凡 度阴山；读客文化 出品,100%推荐,河南文艺出版社,2022-05-01,http://product.dangdang.com/29404391.html
郑渊洁四大名传：皮皮鲁传,450370条评论,郑渊洁,99.4%推荐,浙江少年儿童出版社,2015-12-01,http://product.dangdang.com/29212906.html
不可思议的文明奇迹 涵盖历史地理多学科领域 精装版,67889条评论,郭子林,100%推荐,石油工业出版社,2022-03-01,http://product.dangdang.com/29346297.html
昆虫记 八年级上 名著阅读课程化丛书 导读版 人民教育出版社,203669条评论,（法）亨利.法布尔 著，陈筱卿 译,100%推荐,人民教育出版社,2017-08-01,http://product.dangdang.com/25171990.html
一千零一夜 快乐读书吧五年级上册推荐阅读(中小学生课外阅读指导丛书)无障碍阅读彩插励志版 5万多名读者热评！,59617条评论,邵珠磊编写,100%推荐,南方出版社,2019-06-01,http://product.dangdang.com/27898033.html
【当当专享金属贴纸+手写信+书单】梁永安：阅读、游历和爱情（宝藏教授B站up主梁永安新作，在不确定的时代，做确定的自己）,69504条评论,梁永安,100%推荐,北京时代华文书局,2022-05-01,http://product.dangdang.com/29398939.html
柳林风声（经典插图本，充满浪漫和友爱的动物童话。儿童文学翻译家张炽恒未删节全译）,150096条评论,[英] 肯尼思・格雷厄姆  著；张炽恒  译,100%推荐,北京联合出版公司,2016-12-01,http://product.dangdang.com/24157839.html
学会爱自己（全3辑 套装共14册 ）防性侵，安全意识、行为习惯培养绘本,403564条评论,珊蒂克雷文，茱蒂柏斯玛等,99.8%推荐,青岛出版社,2016-02-01,http://product.dangdang.com/23851466.html
昆虫记（《语文》推荐阅读丛书）八年级上册推荐阅读 人民文学出版社,145864条评论,(法)亨利・法布尔,100%推荐,人民文学出版社,2018-05-01,http://product.dangdang.com/25275964.html
青：陪安东尼度过漫长岁月5,70709条评论,安东尼,100%推荐,湖南文艺出版社,2022-04-01,http://product.dangdang.com/29381624.html
白鹿原（全书含陈忠实代表作白鹿原+信任+蚕儿+霞光灿烂的早晨，央视《读书》两次推荐版本。）,182058条评论,陈忠实,99.9%推荐,作家出版社,2019-03-28,http://product.dangdang.com/26913843.html
水浒传（上下册，全两册，中国古典文学读本丛书）（团购电话:400-1066666转6）,301329条评论,"（明）施耐庵 ,罗贯中 著",99.5%推荐,人民文学出版社,2004-09-01,http://product.dangdang.com/105272.html
小兔子学花钱系列（完整版・全4册）：3~7岁财商启蒙，学花钱、学赚钱、学存钱、学捐钱！3岁对钱有概念，7岁会管零花钱,196456条评论,（加）辛德斯・麦克劳德 (Cinders McLeod)；读客文化 出品,100%推荐,河南文艺出版社,2021-09-09,http://product.dangdang.com/29287731.html
瓦尔登湖（瓦尔登湖畔，不只是身体的栖息之所，更是精神的沉思之地）,249530条评论,（美）亨利戴维梭罗,99.5%推荐,作家出版社,2015-12-01,http://product.dangdang.com/23828561.html
一个陌生女人的来信（茨威格中短篇小说选，豆瓣9.4高评分译作，德文直译无删节）,61134条评论,〔奥〕斯蒂芬・茨威格 著  高中甫 韩耀成 译,99.9%推荐,时代文艺出版社,2017-09-01,http://product.dangdang.com/29329673.html
双城记（狄更斯经典代表作，逝世150周年纪念版！翻译泰斗宋兆霖权威译本。）,74837条评论,（英）查尔斯・狄更斯著 宋兆霖译 知书达礼 出品,99.9%推荐,台海出版社,2020-07-01,http://product.dangdang.com/28990834.html
这就是二十四节气：升级版 全四册(文津图书奖获奖图书，请认准正版，朱永新教授、周成虎院士推荐，畅销500万册),730494条评论,高春香、邵敏/著；许明振、李婧/绘,99.9%推荐,海豚出版社,2019-11-01,http://product.dangdang.com/27950672.html
亲密关系（第6版）（百科全书式的两性心理专著，社会心理学精品译丛书系，豆瓣9.3分，津巴多和彭凯平专文推荐）,132462条评论,罗兰・米勒 ， 新曲线 出品,99.9%推荐,人民邮电出版社,2015-07-01,http://product.dangdang.com/23742958.html
小狗钱钱（套装2册）（附赠免费亲子财商课+理财秘籍思维导图）,360069条评论,博多・舍费尔,100%推荐,中信出版社,2021-12-10,http://product.dangdang.com/29343067.html
艾青诗选（《语文》推荐阅读丛书 人民文学出版社）,218557条评论,王晓编选,100%推荐,人民文学出版社,2018-04-01,http://product.dangdang.com/25267186.html
就喜欢你看不惯我又干不掉我的样子6,47292条评论,白茶,99.9%推荐,人民文学出版社,2022-04-01,http://product.dangdang.com/29386321.html
养育男孩（典藏版）,631278条评论,(澳) 史蒂夫・比达尔夫,99.9%推荐,中信出版社,2019-09-10,http://product.dangdang.com/27922796.html
秋园（女性版《活着》，80岁素人作家不朽名篇，横扫国内十二项文学大奖）,92664条评论,杨本芬 |乐府文化,100%推荐,北京联合出版有限公司,2020-06-01,http://product.dangdang.com/28535816.html
我的第一本地理启蒙书,980166条评论,郑利强 段虹(绘) 步印童书 出品,100%推荐,新世界出版社,2016-06-01,http://product.dangdang.com/23967348.html
鲁滨孙漂流记(语文教材“快乐读书吧”六年级下阅读，也译《鲁滨逊漂流记》),143822条评论,"[英] 丹尼尔・笛福  著 ,  王晋华  译",99.9%推荐,浙江工商大学出版社,2017-03-01,http://product.dangdang.com/24187625.html
全球通史:从史前史到21世纪（第7版修订版上下册，赠送全球通史主题笔记本）,486776条评论,（美）斯塔夫里阿诺斯  著，吴象婴  等译,99.7%推荐,北京大学出版社,2006-10-01,http://product.dangdang.com/9231298.html
傅雷家书:学生读本（八年级下！傅雷家人授权！非公版收录！附赠64P名师导读导练)团购电话:4001066666转6,572033条评论,傅雷、朱梅馥、傅聪、傅敏著，傅敏 编,100%推荐,译林出版社,2020-01-01,http://product.dangdang.com/28512674.html
四大名著套装 西游记 红楼梦 三国演义 水浒传 五年级下册快乐读书吧推荐阅读 青少版无障碍阅读 中小学生课外阅读指导丛书共4册 12万读者好评！,158760条评论,吴承恩，施耐庵，曹雪芹，罗贯中，,99.8%推荐,时代文艺出版社,2012-07-01,http://product.dangdang.com/23276506.html
道德经（中华经典名著全本全注全译-三全本）,85664条评论,张景，张松辉  译注,100%推荐,中华书局,2021-05-15,http://product.dangdang.com/29242306.html
克雷洛夫寓言 快乐读书吧 三年级下册课外阅读(中小学生课外阅读指导丛书)无障碍阅读 彩插励志版 12万多名读者热评！,165736条评论,(俄) 克雷洛夫,100%推荐,南方出版社,2021-04-01,http://product.dangdang.com/23197945.html
"从零开始的女性主义（豆瓣2021年度最受关注图书,上野千鹤子给所有人的女性主义普及课）",86104条评论,[日]上野千鹤子、田房永子,100%推荐,北京联合出版有限公司,2021-09-01,http://product.dangdang.com/29298862.html
爷爷一定有办法（3-8岁）信谊世界精选图画书,117158条评论,[加] 菲比・吉尔曼 著；宋�� 译,100%推荐,明天出版社,2013-04-01,http://product.dangdang.com/29148110.html
孤独的小螃蟹 二年级上册 小学生二年级快乐读书吧推荐阅读 全彩注音有声朗读 二年级课外阅读,59036条评论,冰波,100%推荐,商务印书馆,2019-06-01,http://product.dangdang.com/27883646.html
人生的枷锁（又译《人性的枷锁》，毛姆自认的完美作品，写给在现实中迷茫的每一个人）,104949条评论,[英]威廉・萨默赛特・毛姆 著，黄水乞 译,99.8%推荐,作家出版社,2016-09-01,http://product.dangdang.com/24025897.html
一日三秋（刘震云睽违四年新作，用幽默化解成年人的崩溃瞬间，人生中总有一日胜过三秋）,78382条评论,刘震云，长江新世纪 出品,100%推荐,花城出版社,2021-07-01,http://product.dangdang.com/29263282.html
阅读是一座随身携带的避难所（罗翔推荐版本。“阅读应该是愉悦的，怎么思考就有怎么样的人生”。）,96129条评论,毛姆 著，夏高娃 译，果麦文化 出品,100%推荐,江西人民出版社,2020-07-01,http://product.dangdang.com/28985457.html
半小时漫画宇宙大爆炸（半小时读完138亿年宇宙史，一口气搞懂大爆炸、奇点、黑洞、引力波、暗物质……）新老版随机发货,49124条评论,陈磊・半小时漫画团队；读客文化 出品,100%推荐,浙江科学技术出版社,2021-11-08,http://product.dangdang.com/29322640.html
快乐读书吧六年级下册 鲁滨逊漂流记 汤姆索亚历险记 尼尔斯骑鹅旅行记 爱丽丝漫游仙境 课外阅读套装共4册 中小学生课外阅读无障碍阅读,67250条评论,马克 吐温，笛福，塞尔玛 拉格洛夫，卡罗尔，,99.9%推荐,时代文艺出版社,2018-11-01,http://product.dangdang.com/25577734.html
习近平谈治国理政（第四卷）（中文平装）,条评论,习近平,0%推荐,外文出版社,2022-06-30,http://product.dangdang.com/29423652.html
长安客（《狂飙》高启强扮演者张颂文推荐，大唐版《人类群星闪耀时》，李白、杜甫、王维、白居易、元稹等八位诗人的命运特写）,165105条评论,北溟鱼，果麦文化 出品,100%推荐,天津人民出版社,2020-05-01,http://product.dangdang.com/28558256.html
在教室说错了没关系（快速适应小学课堂，勇敢表达自我观点，培养孩子自信心）,414615条评论,著 （日）莳田晋至，绘 （日）长谷川知子,100%推荐,青岛出版社,2017-02-01,http://product.dangdang.com/24194575.html
八次危机：中国的真实经验1949-2009,126796条评论,温铁军等著,99.9%推荐,东方出版社,2013-01-01,http://product.dangdang.com/22917090.html
你也走了很远的路吧（新增2万余字，4篇文章，关于特殊时期成长的勇气，以及曾经的那些人）,532112条评论,"卢思浩 著,博集天卷 出品",100%推荐,湖南文艺出版社,2022-09-26,http://product.dangdang.com/29460961.html
富爸爸穷爸爸（新版本）当当投资理财类图书！本版随书附赠价值198元的“小白财商在线课程”,579600条评论,【美】罗伯特・清崎    萧明 译,100%推荐,四川人民出版社,2019-08-01,http://product.dangdang.com/27902388.html
小妇人（写给所有女孩，全新精装典藏版，翻译家贾辉丰倾情译作。内封复刻1868年初版，特种红纸烫金）,70570条评论,[美]路易莎・梅・奥尔科特，创美工厂出品,100%推荐,中国友谊出版公司,2021-12-01,http://product.dangdang.com/29343185.html
致我独一无二的宝贝（父母写给孩子的人生情书，一份以爱为名义的心灵庇护伞。联合国秘书长安东尼奥・古特雷斯高度评价，母婴育儿大V小土大橙子翻译，荣获独立图书*奖）,107512条评论,（美）沙尼・金 著，（瑞士）安娜・霍瓦特 绘，小土大橙子 译,100%推荐,湖南美术出版社,2020-10-14,http://product.dangdang.com/29131992.html
始于极限：女性主义往复书简（上野千鹤子蕞新代表作，万千读者共鸣的坦诚对话，“皱巴巴的心都被熨平了”）,182952条评论,（日）上野千鹤子，（日）铃木凉美 著，新经典  出品,100%推荐,新星出版社,2022-08-01,http://product.dangdang.com/29458676.html
苍兰诀 （当当专享人气画手眠狼绘制印刷海报）九鹭非香,63240条评论,九鹭非香 著，酷威文化 出品,99.9%推荐,四川文艺出版社,2021-02-01,http://product.dangdang.com/29171895.html
厌女：日本的女性嫌恶,83614条评论,上野千鹤子,100%推荐,上海三联书店,2015-05-01,http://product.dangdang.com/27872870.html
乡土中国（精装定制版）,325092条评论,费孝通,99.8%推荐,人民出版社,2015-05-01,http://product.dangdang.com/23678069.html
他在云之南（人气作家景行燃情悬爱力作！随书附赠“追光”书签。）,62247条评论,景行  白马时光  出品,100%推荐,百花文艺出版社,2020-04-01,http://product.dangdang.com/28541672.html
画给孩子的中国神话 : 精装彩绘本,80951条评论,施英巍著 知书达礼 出品,99.9%推荐,吉林美术出版社,2020-04-01,http://product.dangdang.com/28541713.html
不能不懂的编程 我是学霸 给孩子的创新编程启蒙绘本,53102条评论,项华,100%推荐,北京联合出版有限公司,2021-09-01,http://product.dangdang.com/29281295.html
兄弟（余华巅峰之作！有的人活着，生死疲劳；有的人活着，任性逍遥。一部真正伟大又好看的小说。2022新版）,97856条评论,余华  著 ，新经典  出品,100%推荐,北京十月文艺出版社,2022-07-01,http://product.dangdang.com/29424506.html
罗生门（芥川龙之介小说集。《人间失格》作者太宰治是芥川的头号书迷）,461486条评论,［日］芥川龙之介 著，高慧勤 译,100%推荐,时代文艺出版社,2017-12-01,http://product.dangdang.com/25190564.html
遥远的救世主+天幕红尘+天局（王志文主演电视剧《天道》原著小说矫健豆豆三部曲一套书读懂世界。）,80054条评论,豆豆 矫健 著,99.8%推荐,作家出版社,2020-07-22,http://product.dangdang.com/28992967.html
被欺负了，可以打回去吗（解决父母的世纪难题，告诉孩子被欺负了该怎么办，小杨叔叔送给3-6岁孩子的冲突教育绘本）,73248条评论,小杨叔叔,100%推荐,新世界出版社,2021-07-01,http://product.dangdang.com/29265559.html
考试脑科学 脑科学中的高效记忆法（图灵出品）,202586条评论,[日]池谷裕二,100%推荐,人民邮电出版社,2021-03-01,http://product.dangdang.com/29222270.html
大哥（套装共2册）,104149条评论,Priest著,99.9%推荐,上海人民美术出版社,2016-03-01,http://product.dangdang.com/23945598.html
平安小猪（J.K.罗琳新书王者归来，哈利波特后，全新长篇力作，带你进入超乎想象的魔法世界）,62208条评论,[英]J.K.罗琳 著，[英]吉姆・菲尔德 绘,100%推荐,新星出版社,2021-12-01,http://product.dangdang.com/29336862.html
自我的诞生（知名心理咨询师武志红转向“自我”研究的里程碑式作品）,29021条评论,武志红 著  得到图书 出品,100%推荐,新星出版社,2022-03-10,http://product.dangdang.com/29373239.html
博物馆寻宝记 藏在国宝中的文物简史 精装版,66991条评论,王露,100%推荐,石油工业出版社,2022-03-01,http://product.dangdang.com/29346298.html
秘密（经典身心灵励志读物，为人生带来喜悦转变的能量之书，“吸引力法则”三部曲扛鼎之作。）,259251条评论,"朗达・拜恩（Rhonda Byrne） ,博集天卷 出品",99.8%推荐,湖南文艺出版社,2018-05-01,http://product.dangdang.com/25257727.html
宝葫芦的秘密（中国版多啦A梦，充满魔幻的童话构思，让孩子读懂自我价值的意义）,96648条评论,张天翼，小当当童书馆 出品,100%推荐,安徽教育出版社,2018-12-01,http://product.dangdang.com/26315050.html
心 稻盛和夫的一生嘱托,229107条评论,[日]稻盛和夫,100%推荐,人民邮电出版社,2020-04-01,http://product.dangdang.com/28547915.html
透过地理看历史,77494条评论,李不白,100%推荐,台海出版社,2021-01-13,http://product.dangdang.com/29191016.html
侦探与小偷 （以思辨的哲思方式讲述惊险刺激的侦探故事，让孩子在思考中锻炼辩证思维。手绘精美插图，金钥匙儿童文学大系）,235965条评论,叶永烈 著，小当当童书馆 出品,100%推荐,中译出版社（原中国对外翻译出版公司）,2019-01-01,http://product.dangdang.com/26482585.html
文化苦旅（文化导师余秋雨开山之作，逐字修订！）,734124条评论,余秋雨 著 时代华语 出品,99.8%推荐,长江文艺出版社,2019-04-01,http://product.dangdang.com/27854238.html
在细雨中呼喊（余华活着许三观卖血记兄弟文城长篇代表作之一作家出版社）,167040条评论,余华,100%推荐,作家出版社,2017-09-12,http://product.dangdang.com/25160767.html
读图识中国 入选中小学生阅读指导目录（展示我国壮丽的地势地貌、悠久的历史文化、有趣的风土人情和丰富的资源物产，图文并茂、兼具阅读、收藏价值）团购电话:4001066666转6,134115条评论,人民教育出版社地图编辑室　编,100%推荐,人民教育出版社,2009-03-01,http://product.dangdang.com/20574034.html
一间只属于自己的房间（李银河、杨澜推荐；女性主义奠基作品；随书赠送6张明信片）,61392条评论,弗吉尼亚・伍尔夫，果麦文化 出品,100%推荐,天津人民出版社,2019-10-01,http://product.dangdang.com/27949262.html
大卫，不可以――1998年《纽约时报》年度最佳图画书  美国凯迪克大奖经典儿童绘本（启发童书馆出品）,387391条评论,文/图:大卫・香农，启发童书馆 出品,93.5%推荐,河北教育出版社,2019-04-08,http://product.dangdang.com/27913762.html
伊索寓言 快乐读书吧 三年级下册推荐阅读(中小学生课外阅读指导丛书)无障碍阅读 彩插励志版 150000多名读者热评！,236562条评论,［古希腊］伊索,99.9%推荐,时代文艺出版社,2012-07-01,http://product.dangdang.com/22800638.html
海底两万里(《语文》阅读丛书)七年级下册阅读人民文学出版社,160658条评论,（法国）儒勒・凡尔纳,100%推荐,人民文学出版社,2018-06-01,http://product.dangdang.com/25283710.html
银河帝国：基地（人类历史上不容错过的系列小说。被马斯克用火箭送上太空的科幻神作，百万册珍藏版）（读客科幻文库）,233353条评论,[美]艾萨克・阿西莫夫（Isaac Asimov）；读客文化 出品,100%推荐,江苏文艺出版社,2015-09-01,http://product.dangdang.com/29299194.html
亮丽精美触摸书：小兔比利,112249条评论,莫里斯・普莱格尔 /文图 荣信文化/编译,99.9%推荐,未来出版社,2011-09-01,http://product.dangdang.com/28483082.html
绿山墙的安妮(中小学生课外阅读指导丛书) 无障碍阅读 彩插励志版 220000多名读者热评！,280163条评论,（加）蒙哥马利著,99.9%推荐,时代文艺出版社,2021-06-01,http://product.dangdang.com/23474804.html
原则：桥水创始人瑞达利欧作品，半个金融圈、投资界、管理层都在读，比尔・盖茨、张瑞敏、吴晓波、罗辑思维等倾情推荐！,363908条评论,[美]瑞・达利欧（Ray Dalio）,100%推荐,中信出版社,2018-01-01,http://product.dangdang.com/25204629.html
鱼没有脚（布克国际文学奖提名作品）,47139条评论,约恩・卡尔曼・斯特凡松,100%推荐,四川文艺出版社,2021-12-24,http://product.dangdang.com/29340454.html
小兵张嘎 百年百部经典书系 5-6年级阅读拓展书目，红色经典抗战题材的长篇小说,179015条评论,徐光耀,100%推荐,长江少年儿童出版社,2020-04-01,http://product.dangdang.com/28553518.html
笠翁对韵 全本 中华经典儿童启蒙 注音+注释+典故 每日诵读十分钟 打好国学基本功（超30万读者好评！）,363529条评论,(清) 李渔 著，高高国际 出品,99.8%推荐,中国文史出版社,2015-01-01,http://product.dangdang.com/23630257.html
我决定给自己一点时间（亚洲高人气作家“鸭子小姐”引进治愈作品，被韩国YES24书店读者评选为2020年“今年的书”第1名，韩国教保文库、YES24书店 一致满星好评）,37407条评论,（韩）李彦�� 著，书田文化 出品,100%推荐,四川人民出版社,2022-05-10,http://product.dangdang.com/29402629.html
海奥华预言中文版（米歇戴斯玛克特讲述地球人外星游记外观地球内视生命灵性预言性科幻小说作家出版社）,86944条评论,米歇・戴斯玛克特,100%推荐,作家出版社,2018-08-22,http://product.dangdang.com/25322131.html
第七天（2018版）,544409条评论,余华,99.8%推荐,新星出版社,2018-08-01,http://product.dangdang.com/25314250.html
小英雄雨来 童年 爱的教育 六年级上册快乐读书吧推荐阅读（中小学生课外阅读指导丛书）套装共3册,62676条评论,管桦，高尔基，亚米契斯，,100%推荐,南方出版社,2019-09-01,http://product.dangdang.com/28471088.html
社会心理学（第11版，中文平装版）（被译为12种语言，津巴多和彭凯平专文推荐，张泉灵的“工具书”，畅销100余万册）,291852条评论,戴维・迈尔斯著，新曲线 出品，侯玉波，乐国安，张智勇 等译,99.8%推荐,人民邮电出版社,2016-01-01,http://product.dangdang.com/23840740.html
没头脑和不高兴（注音版）（简单的故事，不简单的道理）,206535条评论,任溶溶原著 上海美术电影制片厂摄制,100%推荐,南方出版社,2017-10-01,http://product.dangdang.com/25060392.html
俗世奇人（全三册）冯骥才“俗世奇人系列”全部作品54篇入选中小学生阅读指导目录,405089条评论,冯骥才,99.9%推荐,作家出版社,2020-03-31,http://product.dangdang.com/28526002.html
悲惨世界（法国大文豪雨果“命运三部曲”之一，未删节全译版）,112033条评论,[法]维克多・雨果,99.9%推荐,作家出版社,2016-06-01,http://product.dangdang.com/23979386.html
幼儿学古诗（绘本版，全2册）,229948条评论,中国教育科学研究院学前教育研究中心,100%推荐,教育科学出版社有限公司,2019-08-08,http://product.dangdang.com/27941877.html
小羊上山儿童汉语分级读物第2级 幼小衔接学会自主识字阅读 幼儿启蒙早教书籍绘本（10册套装） 童趣出品【3-6岁】,70740条评论,孙蓓主编     童趣出版有限公司编,100%推荐,人民邮电出版社,2020-09-01,http://product.dangdang.com/29140216.html
下雨的书店（全4册）,113956条评论,（日）日向理惠子 著，（日）吉田尚令 绘，爱心树童书 出品,100%推荐,新星出版社,2021-08-01,http://product.dangdang.com/29271454.html
瓦尔登湖(珍藏本) 朗读者朗读书目,620898条评论,（美）梭罗    知书达礼  出品,99.7%推荐,中国三峡出版社,2010-12-01,http://product.dangdang.com/20971873.html
人类群星闪耀时（14个改变人类命运的天才，14个影响人类文明的瞬间！全新精装彩插导读详注版！）（读客经典文库）,153556条评论,(奥地利)茨威格 著；读客文化 出品,100%推荐,江苏凤凰文艺出版社,2019-04-01,http://product.dangdang.com/26919639.html
稻草人 格林童话 安徒生童话 小学生三年级上册快乐读书吧推荐阅读 全彩有声朗读 套装3册 三年级课外阅读,42189条评论,叶圣陶，(丹)安徒生，（德）格林兄弟,100%推荐,商务印书馆,2019-06-01,http://product.dangdang.com/27883696.html
放学后（东野圭吾成名作）,379814条评论,〔日〕东野圭吾 著，新经典 出品,100%推荐,南海出版公司,2017-09-01,http://product.dangdang.com/25154615.html
吹牛大王历险记（德国原版精美插图本，充满欢乐的百年童话，未删节全译，详细注释本）,198014条评论,〔德〕埃・拉斯伯〔德〕戈・毕尔格著， 邵灵侠译,100%推荐,浙江工商大学出版社,2017-12-01,http://product.dangdang.com/25190560.html
皮特猫・3~6岁好性格养成书：共四辑（套装1~4辑）（乐观、积极、开朗…荣获多项大奖的好性格榜样）新老版随机发货,574845条评论,詹姆斯・迪安等 著；读客文化 出品,100%推荐,文汇出版社,2018-08-17,http://product.dangdang.com/25323113.html
人生（茅盾文学奖得主路遥作品，电视剧《人生之路》原著，陈晓、李沁、张嘉倪主演。高加林一代青年冲开困境，去往人生新“路”。）,183570条评论,路遥  著 ，新经典  出品,100%推荐,北京十月文艺出版社,2021-07-01,http://product.dangdang.com/29267111.html
熊津数学图画书（全50册，含29册精装绘本及21册游戏书，将数学和故事、游戏相结合，使儿童在阅读的同时感受到生活处处有数学）,82525条评论,熊津出版社著，阳光博客出品,100%推荐,贵州科技出版社,2020-09-01,http://product.dangdang.com/29118088.html
人类群星闪耀时（姜乙译本，东方甄选、雷军、易中天诚意推荐）,90448条评论,斯蒂芬・茨威格，译者：姜乙， 果麦文化 出品,100%推荐,上海文艺出版社,2019-07-01,http://product.dangdang.com/27892638.html
寄小读者(中小学生课外阅读指导丛书) 无障碍阅读 彩插励志版 13000多名读者热评！,198467条评论,冰心著,99.9%推荐,南方出版社,2021-06-01,http://product.dangdang.com/23181518.html
成年人的世界没有容易二字（专治“怕、不甘心、难”，助你早日丧尽天晴。百万畅销书作家老杨的猫头鹰新作）,53453条评论,老杨的猫头鹰，果麦文化 出品,100%推荐,江苏凤凰文艺出版社,2021-12-01,http://product.dangdang.com/29335604.html
非洲民间故事老人的智慧 快乐读书吧五年级上册课外阅读(中小学生课外阅读指导丛书)无障碍阅读彩插励志版 6万多名读者热评！,74770条评论,闻钟主编,100%推荐,南方出版社,2019-09-01,http://product.dangdang.com/27940824.html
中国古代神话 山海经 希腊神话故事四年级上册快乐读书吧配套阅读中小学生课外阅读指导丛书套装共3册10万多名读者热评！,114088条评论,闻钟主编,100%推荐,南方出版社,2019-06-01,http://product.dangdang.com/27907091.html
“歪脑袋”木头桩 二年级上册 小学生二年级快乐读书吧推荐阅读 全彩注音有声朗读 二年级课外阅读,51703条评论,严文井,100%推荐,商务印书馆,2019-06-01,http://product.dangdang.com/27883648.html
带壳的牡蛎是大人的心脏（当当专享签章版+作者亲绘贴纸。火爆全网现象级漫画，白茶、沈月、阮筠庭、文森特动物园推荐！）,297302条评论,拟泥nini 著绘  时代华语 出品,100%推荐,北京联合出版有限公司,2022-09-01,http://product.dangdang.com/29463437.html
遇见未知的自己：全新修订版,417249条评论,"张德芬 著,博集天卷 出品",99.9%推荐,湖南文艺出版社,2019-12-15,http://product.dangdang.com/28486644.html
思考，快与慢（团购电话400-106-6666转6）,324463条评论,(美)丹尼尔・卡尼曼,99.8%推荐,中信出版社,2012-07-01,http://product.dangdang.com/22781388.html
戴建业・漫画世说新语（听戴老师讲《世说新语》，看爆笑漫画，大笑品味“迷死人”的魏晋风度）,47841条评论,戴建业 编； 果麦文化 出品,100%推荐,浙江文艺出版社,2021-12-01,http://product.dangdang.com/29346437.html
歪歪兔行为习惯系列互动图画书（全10册）,247847条评论,歪歪兔关键期早教项目组　编绘,99.6%推荐,海豚出版社,2015-08-18,http://product.dangdang.com/20927266.html
数学帮帮忙（全25册+导读手册）超值礼盒装 （多功能数学绘本，清华附小公开课指定用书！小学数学学习）,346396条评论,（美）达芙妮・斯金纳,99.9%推荐,新蕾出版社,2019-12-01,http://product.dangdang.com/28480229.html
蝴蝶・豌豆花,332311条评论,金波，冰心 著，王晓明，蔡皋，周翔 绘,99.9%推荐,河北教育出版社,2010-04-01,http://product.dangdang.com/28469479.html
好好说话：非暴力沟通幼儿版 [3-6岁],58857条评论,[西]克里斯蒂娜・特巴尔 著 [西]马尔・费雷罗 绘 何倩 译 人天兀鲁思 出品,100%推荐,太白文艺出版社,2020-11-01,http://product.dangdang.com/29159683.html
2021新版 点点点（小黄和小蓝升级版）宝宝视觉锻炼 杜莱大师作品 0-2 3-6岁幼儿启蒙绘本 早教书 [0-2岁],168247条评论,[法]埃尔维・杜莱,100%推荐,海豚出版社,2021-03-01,http://product.dangdang.com/29193831.html
养育女孩（新版）,535138条评论,[澳]史蒂夫・比达尔夫,99.9%推荐,中信出版社,2020-03-23,http://product.dangdang.com/28520581.html
自驱型成长：如何科学有效地培养孩子的自律,140022条评论,[美]威廉?斯蒂克斯鲁德（William Stixrud）奈德?约翰逊（Ned Johnson）、叶壮 译,100%推荐,机械工业出版社,2020-05-15,http://product.dangdang.com/28547325.html
蛙（茅盾文学奖获奖作品，诺奖得主莫言畅销不衰的代表作；书写计划生育时代的大爱之书）,160237条评论,莫言,100%推荐,浙江文艺出版社,2020-03-01,http://product.dangdang.com/28531228.html
西游记（上下册）七年级上 名著阅读课程化丛书 导读版 人民教育出版社,168121条评论,（明）吴承恩 著,100%推荐,人民教育出版社,2017-07-01,http://product.dangdang.com/25141585.html
许渊冲：美得窒息的唐诗宋词诗经3册套装（中英双语诗画集）,76028条评论,陆苏、闫红、吴俣阳 著；许渊冲 译   时代华语,100%推荐,长江文艺出版社,2020-04-01,http://product.dangdang.com/28528100.html
显微镜下的大明（张若昀、王阳、戚薇、吴刚主演同名影视剧原著，全新明朝历史书）,219725条评论,"马伯庸 著,博集天卷 出品",100%推荐,湖南文艺出版社,2019-01-01,http://product.dangdang.com/26439969.html
猎人笔记 七年级上册推荐阅读(中小学生课外阅读指导丛书) 无障碍阅读 彩插励志版 13万多名读者热评！,140192条评论,（俄罗斯）屠格涅夫,100%推荐,南方出版社,2017-12-01,http://product.dangdang.com/25217316.html
新版林格伦作品选集・美绘版 长袜子皮皮,611791条评论,阿斯特丽德・林格伦  著 英格丽德・万・尼曼 画,99.9%推荐,中国少年儿童出版社,2018-03-01,http://product.dangdang.com/25235015.html
人生只有一件事:教你如何活得更好,81193条评论,金惟纯,100%推荐,中信出版社,2021-05-13,http://product.dangdang.com/29235725.html
斯凯瑞金色童书・忙忙碌碌的一天（全3册）,290285条评论,（美）斯凯瑞,99.4%推荐,贵州人民出版社,2007-10-01,http://product.dangdang.com/20039610.html
极简学习法（考试高分的秘密，上百位清北学霸学习方法大公开）,44144条评论,廖恒 著  时代华语 出品,100%推荐,北京联合出版有限公司,2022-04-01,http://product.dangdang.com/29389443.html
七色花 全彩注音 小学二年级下册 快乐读书吧 推荐阅读（有声朗读）小学课外阅读,48803条评论,瓦 卡达耶夫等,100%推荐,商务印书馆,2020-02-01,http://product.dangdang.com/28516608.html
别想太多啦：在复杂的世界里，做一个简单的人（情绪疗愈指南，随手翻开，就能获得舍离烦恼的勇气。）,122557条评论,[日]名取芳彦 著，紫图出品,100%推荐,天津人民出版社,2021-03-01,http://product.dangdang.com/29201117.html
海蒂（又译《小海蒂》，瑞士经典童话，汲取人性光辉，给孩子温馨与爱的教育。手绘精美插图）,38743条评论,（瑞士）约翰娜・斯比丽 著；朱碧恒 译；小当当童书馆 出品,100%推荐,辽宁少年儿童出版社,2019-09-09,http://product.dangdang.com/27941676.html
"西西弗神话（诺贝尔文学奖得主,加缪的荒诞哲学代表作)",48191条评论,（法）阿尔贝・加缪著，李玉民译，知书达礼 出品,100%推荐,民主与建设出版社,2020-09-01,http://product.dangdang.com/29134555.html
夜晚的潜水艇(第四届宝珀理想国文学奖得主陈春成短篇小说集，游荡于旧山河与未知宇宙间，汉语的一种风度与可能性),130902条评论,陈春成 著，理想国 出品,100%推荐,上海三联书店,2020-09-01,http://product.dangdang.com/29130324.html
怪诞行为学：可预测的非理性,98363条评论,【美】丹・艾瑞里（Dan Ariely）,100%推荐,中信出版社,2017-12-01,http://product.dangdang.com/25198506.html
皮特猫・3~6岁好性格养成书：第二辑（共6册）（自信、豁达、友善…荣获多项大奖的好性格榜样）新老版随机发货,400976条评论,(美）金柏莉・迪安与詹姆斯・迪安著； 读客文化 出品,100%推荐,文汇出版社,2018-06-03,http://product.dangdang.com/25280799.html
梁实秋：为这人间操碎了心（一本解闷宝书，文学泰斗梁实秋趣味散文选，创作100周年纪念版）,86483条评论,梁实秋 著  时代华语 出品,100%推荐,中国友谊出版公司,2020-10-01,http://product.dangdang.com/29129870.html
钢铁是怎样炼成的(语文教材“名著导读”经典・八年级下。大语文理念打造：思维导图+详细注释+知识拓展+彩色插图),62391条评论,（苏）奥斯特洛夫斯基 著 周露 译,100%推荐,时代文艺出版社,2020-04-21,http://product.dangdang.com/28535532.html
米小圈脑筋急转弯（第二辑）(套装共4册）,169825条评论,北猫,100%推荐,四川少儿出版社,2020-06-01,http://product.dangdang.com/28552328.html
抱抱（0-3岁） 信谊世界精选图画书,111397条评论,作绘者：[英]杰兹・阿波罗,100%推荐,明天出版社,2017-11-01,http://product.dangdang.com/29122988.html
郑渊洁四大名传（全4册，含《罐头小人》电影情节）,311101条评论,郑渊洁,99.4%推荐,浙江少年儿童出版社,2015-12-01,http://product.dangdang.com/29212910.html
罗生门（芥川龙之介小说集。《人间失格》作者太宰治是芥川的头号书迷）,57644条评论,［日］芥川龙之介 著，高慧勤 译,99.8%推荐,时代文艺出版社,2017-12-01,http://product.dangdang.com/29329641.html
365夜睡前故事（全4册） 宝宝睡前故事书0-3-6岁幼儿故事书早教配图 婴儿绘本书籍 [0-6岁],112852条评论,青葫芦,100%推荐,福建科技出版社,2018-01-01,http://product.dangdang.com/27856105.html
捕捉儿童敏感期 孙瑞雪 （精装珍藏版）,359206条评论,孙瑞雪,99.9%推荐,中国妇女出版社,2013-04-01,http://product.dangdang.com/23194043.html
大头儿子和小头爸爸 二年级下册 语文教科书配套书目 人教版快乐读书吧,127795条评论,曹文轩 陈先云 主编,100%推荐,人民教育出版社,2018-12-01,http://product.dangdang.com/28512136.html
他和她的猫（“唧唧的猫”甜蜜电竞题材作品）,113898条评论,唧唧的猫著，鲤伴出品，有容书邦发行,100%推荐,江苏凤凰文艺出版社,2018-07-01,http://product.dangdang.com/25299059.html
米小圈上学记四年级（套装共4册）,355733条评论,北猫,100%推荐,四川少年儿童出版社,2018-04-01,http://product.dangdang.com/25261326.html
外婆出租中,94614条评论,"[英]丽芙・阿巴思诺特 ,周唯 译,酷威文化 出品",100%推荐,四川文艺出版社,2021-07-01,http://product.dangdang.com/29276874.html
地球的故事 快乐读书吧 四年级下册推荐阅读(中小学生课外阅读指导丛书)无障碍阅读 7万多名读者热评！,118520条评论,（美）房龙,100%推荐,南方出版社,2018-10-01,http://product.dangdang.com/26440479.html
半小时漫画三国演义（三更半夜笑出鹅叫，三国典故打死忘不掉！桃园结义、三顾茅庐、草船借箭，三国故事全收录！）,50549条评论,陈磊・半小时漫画团队；读客文化 出品,100%推荐,河南文艺出版社,2021-10-15,http://product.dangdang.com/29313358.html
向上生长（九边作品。让选择变得精准，让机遇不再错失。 悉数解决人生困惑问题，实现向上生长。）,170822条评论,九边 著；书田文化出品，有容书邦发行,100%推荐,贵州人民出版社,2020-05-06,http://product.dangdang.com/28544504.html
时间简史（插图本）（央视《朗读者》推荐）,716025条评论,史蒂芬・霍金,99.6%推荐,湖南科技出版社,2014-06-01,http://product.dangdang.com/463785.html
儒林外史 九年级下册推荐阅读 (《语文》推荐阅读丛书 人民文学出版社),168010条评论,吴敬梓,100%推荐,人民文学出版社,2018-06-01,http://product.dangdang.com/25283730.html
中国国家地理精华 图说天下 国家地理,71582条评论,<图说天下.国家地理系列>编委会,99.9%推荐,北京联合出版公司,2012-06-01,http://product.dangdang.com/22790527.html
神笔马良（小学语文“快乐读书吧”二年级下阅读。生词、疑难点增加注音注释，阅读无障碍）,111011条评论,洪汛涛,100%推荐,浙江工商大学出版社,2018-01-01,http://product.dangdang.com/25203392.html
局外人（加缪作品）,138374条评论,[法]阿尔贝・加缪著 柳鸣九译,99.9%推荐,上海译文出版社,2013-08-01,http://product.dangdang.com/23323974.html
神奇校车・动画版（全10册）,555993条评论,"乔安娜柯尔 著,布鲁斯迪根 绘",99.8%推荐,贵州人民出版社,2011-04-05,http://product.dangdang.com/25243206.html
我喜欢生命本来的样子(周国平经典散文作品集),706276条评论,周国平,99.9%推荐,作家出版社,2017-02-01,http://product.dangdang.com/24198400.html
把妈妈的话装进耳朵里,158793条评论,(西) 玛尔塔・帕拉雷斯著 ; (西) 安 娜・格里马尔绘 ; 吴荷佳译  100层童书馆 出品,100%推荐,北京科学技术出版社,2019-04-01,http://product.dangdang.com/27853164.html
金字塔原理大全集（共2册）（思考表达和解决问题的逻辑，“抖音同款”麦肯锡40年经典培训教材）,130580条评论,芭芭拉 ・ 明托  著  ， 新经典  出品,100%推荐,南海出版社,2019-07-01,http://product.dangdang.com/27891506.html
米小圈漫画成语（第一辑）（套装共5册）,528809条评论,北猫,100%推荐,四川少年儿童出版社,2020-01-01,http://product.dangdang.com/28519113.html
一句顶一万句（一本让“中国脱口秀扛把子”李诞连声叫绝的茅奖好书，当当专享印签本）,257325条评论,刘震云，长江新世纪 出品,99.8%推荐,花城出版社,2022-08-01,http://product.dangdang.com/29437347.html
米小圈上学记三年级（套装共4册）,373793条评论,北猫,100%推荐,四川少年儿童出版社,2018-04-01,http://product.dangdang.com/25261324.html
焦虑的人（九个焦虑的人，一场人质劫持，能解救他们的不是警察，而是彼此。《外婆的道歉信》《清单人生》巴克曼拿手的暖心治愈故事）,65722条评论,弗雷德里克・巴克曼，果麦文化 出品,100%推荐,天津人民出版社,2021-08-01,http://product.dangdang.com/29284134.html
爷爷的爷爷哪里来：人类起源的演化过程 快乐读书吧四年级下册课外课外阅读 中小学生课外阅读指导丛书无障碍阅读彩插励志版 13万多读者热评,147627条评论,贾兰坡,100%推荐,南方出版社,2021-06-01,http://product.dangdang.com/24040248.html
人间词话（小嘉抖音推荐，叶嘉莹讲评本，诗词大家叶嘉莹逐条讲透、点评王国维诗词美学经典，读懂人生三境界）,72278条评论,王国维，讲评 叶嘉莹，果麦文化 出品,100%推荐,万卷出版公司,2021-10-01,http://product.dangdang.com/29305645.html
大中华寻宝系列28 黑龙江寻宝记,49686条评论,孙家裕,100%推荐,二十一世纪出版社,2021-07-01,http://product.dangdang.com/29277803.html
伊索寓言（小学语文“快乐读书吧”三年级下阅读。按人的基本价值观分卷，更有主题词+格言警句+精美插图+寓意点评）,115293条评论,〔古希腊〕伊索 著；  杨海英 译。,100%推荐,浙江工商大学出版社,2017-08-01,http://product.dangdang.com/25126129.html
我的情绪小怪兽,91732条评论,"[西]安娜・耶纳斯/著,萧袤 王靖雯/译",100%推荐,陕西人民教育出版社,2016-09-08,http://product.dangdang.com/27940556.html
给男孩的情绪管理绘本（套装全5册）,65927条评论,乐凡 段张取艺,99.9%推荐,青岛出版社,2021-03-01,http://product.dangdang.com/29206161.html
杨绛传：简朴的生活，高贵的灵魂（杨绛先生诞辰110周年纪念版）,51569条评论,梅子 著 知书达礼 出品,100%推荐,民主与建设出版社,2020-06-01,http://product.dangdang.com/28555728.html
我爱天下一切狗 季羡林散文集（爱尽万物，自在不言。）,75076条评论,季羡林 著，文通天下 出品,100%推荐,光明日报出版社,2020-06-01,http://product.dangdang.com/28964398.html
和大人一起读（全4册）小学生一年级上册快乐读书吧推荐阅读书目 全彩注音有声朗读 小学课外阅读,47619条评论,樊发稼编选，朱永新主编，,100%推荐,商务印书馆,2020-06-01,http://product.dangdang.com/28972645.html
大话西方艺术史（句句有梗的极简艺术史！艺术自媒体意外艺术，八年积累诚意之作！轻松入门，提高审美）,65077条评论,意公子 著；读客文化 出品,99.9%推荐,海南出版社,2020-02-14,http://product.dangdang.com/28516328.html
秘密花园（深受孩子们喜欢的经典童话，翻译文化终身成就奖获得者李文俊倾情翻译）,171312条评论,"[美]弗朗西丝・霍奇森・伯内特 著, 李文俊 译",100%推荐,北京联合出版公司,2016-11-01,http://product.dangdang.com/24041685.html
西游记 ( 青少版，依据原著改写成现代白话文，适合小学高年级和初中生阅读),169199条评论,（明）吴承恩 著；张燕均，富强 改编,99.8%推荐,浙江教育出版社,2016-01-01,http://product.dangdang.com/23845428.html
四大名著 生僻字注音+注释+注解 插图青少版 9-15岁孩子更易读懂 三国演义 红楼梦 水浒传 西游记,159271条评论,（清）曹雪芹、（明）吴承恩、（明）罗贯中、（明）施耐庵 著，高高国际 出品,99.9%推荐,民主与建设出版社,2017-08-01,http://product.dangdang.com/25111286.html
小鲤鱼跳龙门 二年级上册 小学生二年级快乐读书吧推荐阅读 全彩注音有声朗读 二年级课外阅读,51859条评论,金近,100%推荐,商务印书馆,2019-06-01,http://product.dangdang.com/27883644.html
飘（上下） 世界名著典藏,179070条评论,（美）米切尔 著，黄健人 译 万亭文化 出品,99.8%推荐,中央编译出版社,2015-02-01,http://product.dangdang.com/23671032.html
资治通鉴少年简读版(套装全4册）附赠音频，扫码畅听！四册盒装，精华简读；史家打造，全彩插图！,114339条评论,何孝荣 侯振龙,99.9%推荐,青岛出版社,2019-05-01,http://product.dangdang.com/27868330.html
原声触摸发声书：听，什么声音（套装全6册）,298855条评论,"YOYO出版社 著绘,步步联盟 译",99.9%推荐,开明出版社,2020-01-01,http://product.dangdang.com/25214219.html
哈利・波特与魔法石 (平装)（《语文》教材推荐阅读书目，外国儿童文学经典，新英国版封面平装版）,366369条评论,（英）J.K.罗琳,99.9%推荐,人民文学出版社,2018-11-01,http://product.dangdang.com/25479421.html
穿过地平线 又名:看看我们的地球 快乐读书吧 四年级下册课外阅读(中小学生课外阅读指导丛书)无障碍阅读 近8万读者热评！,127651条评论,李四光著,100%推荐,南方出版社,2019-12-01,http://product.dangdang.com/28504960.html
如果历史是一群喵1-9全集（套装共9册）,51459条评论,肥志著 漫友文化出品,99.9%推荐,广东旅游出版社,2021-10-01,http://product.dangdang.com/29325172.html
乡土中国 高中“读整本书”推荐阅读 费孝通著作（名著阅读课程化丛书）,68965条评论,费孝通,100%推荐,南方出版社,2020-07-01,http://product.dangdang.com/28993641.html
拉封丹寓言 快乐读书吧 三年级下册课外阅读(中小学生课外阅读指导丛书)无障碍阅读 彩插励志版 5万多读者热评！,99470条评论,（法）让 德 拉封丹,100%推荐,南方出版社,2018-10-01,http://product.dangdang.com/26440480.html
